keyword,topic
athlete,Sport
athletes,Sport
athletic,Sport
athletics,Sport
baseball,Sport
basketball,Sport
bball,Sport
bowling,Sport
boxing,Sport
champion,Sport
champions,Sport
championship,Sport
championships,Sport
coach,Sport
coaches,Sport
espn,Sport
football,Sport
footy,Sport
golf,Sport
hockey,Sport
hoops,Sport
lacrosse,Sport
league,Sport
mlb,Sport
nba,Sport
ncaa,Sport
nfl,Sport
nhl,Sport
olympic,Sport
olympics,Sport
playoff,Sport
playoffs,Sport
rugby,Sport
soccer,Sport
softball,Sport
sport,Sport
sporting,Sport
tennis,Sport
tournament,Sport
volleyball,Sport
Arizona Cardinals,Sport
Atlanta Falcons,Sport
Baltimore Ravens,Sport
Buffalo Bills,Sport
Carolina Panthers,Sport
Chicago Bears,Sport
Cincinnati Bengals,Sport
Cleveland Browns,Sport
Dallas Cowboys,Sport
Denver Broncos,Sport
Detroit Lions,Sport
Green Bay Packers,Sport
Houston Texans,Sport
Indianapolis Colts,Sport
Jacksonville Jaguars,Sport
Kansas City Chiefs,Sport
Las Vegas Raiders,Sport
Los Angeles Chargers,Sport
Los Angeles Rams,Sport
Miami Dolphins,Sport
Minnesota Vikings,Sport
New England Patriots,Sport
New Orleans Saints,Sport
New York Giants,Sport
New York Jets,Sport
Philadelphia Eagles,Sport
Pittsburgh Steelers,Sport
San Francisco 49ers,Sport
Seattle Seahawks,Sport
Tampa Bay Buccaneers,Sport
Tennessee Titans,Sport
Washington Commanders,Sport
Patrick Mahomes,Sport
Tom Brady,Sport
Ezekiel Elliott,Sport
Saquon Barkley,Sport
Aaron Rodgers,Sport
Drew Brees,Sport
Todd Gurley,Sport
Khalil Mack,Sport
Ben Roethlisberger,Sport
Aaron Donald,Sport
Kyler Murray,Sport
Atlanta Hawks,Sport
Boston Celtics,Sport
Brooklyn Nets,Sport
Charlotte Hornets,Sport
Chicago Bulls,Sport
Cleveland Cavaliers,Sport
Dallas Mavericks,Sport
Denver Nuggets,Sport
Detroit Pistons,Sport
Golden State Warriors,Sport
Houston Rockets,Sport
Indiana Pacers,Sport
Los Angeles Clippers,Sport
Los Angeles Lakers,Sport
Memphis Grizzlies,Sport
Miami Heat,Sport
Milwaukee Bucks,Sport
Minnesota Timberwolves,Sport
New Orleans Pelicans,Sport
New York Knicks,Sport
Oklahoma City Thunder,Sport
Orlando Magic,Sport
Philadelphia 76ers,Sport
Phoenix Suns,Sport
Portland Trail Blazers,Sport
Sacramento Kings,Sport
San Antonio Spurs,Sport
Toronto Raptors,Sport
Utah Jazz,Sport
Washington Wizards,Sport
Giannis Antetokounmpo,Sport
Kevin Durant,Sport
Stephen Curry,Sport
Nikola Jokic,Sport
LeBron James,Sport
Luka Doncic,Sport
Joel Embiid,Sport
Jimmy Butler,Sport
Paul George,Sport
James Harden,Sport
Chris Paul,Sport
Damian Lillard,Sport
Devin Booker,Sport
Jayson Tatum,Sport
Anthony Davis,Sport
Donovan Mitchell,Sport
Trae Young,Sport
DeMar DeRozan,Sport
Ja Morant,Sport
Rudy Gobert,Sport
Bam Adebayo,Sport
Khris Middleton,Sport
Zach LaVine,Sport
Draymond Green,Sport
Bradley Beal,Sport
Karl-Anthony Towns,Sport
Jrue Holiday,Sport
LaMelo Ball,Sport
Jaylen Brown,Sport
Domantas Sabonis,Sport
Anaheim Ducks,Sport
Arizona Coyotes,Sport
Boston Bruins,Sport
Buffalo Sabres,Sport
Calgary Flames,Sport
Carolina Hurricanes,Sport
Chicago Blackhawks,Sport
Colorado Avalanche,Sport
Columbus Blue Jackets,Sport
Dallas Stars,Sport
Detroit Red Wings,Sport
Edmonton Oilers,Sport
Florida Panthers,Sport
Los Angeles Kings,Sport
Minnesota Wild,Sport
Montreal Canadiens,Sport
Nashville Predators,Sport
New Jersey Devils,Sport
New York Islanders,Sport
New York Rangers,Sport
Ottawa Senators,Sport
Philadelphia Flyers,Sport
Pittsburgh Penguins,Sport
San Jose Sharks,Sport
St. Louis Blues,Sport
Tampa Bay Lightning,Sport
Toronto Maple Leafs,Sport
Vancouver Canucks,Sport
Vegas Golden Knights,Sport
Washington Capitals,Sport
Winnipeg Jets,Sport
Ryan Ellis,Sport
Phillip Danault,Sport
Pavel Buchnevich,Sport
Mikhail Sergachev,Sport
Jacob Markstrom,Sport
Ivan Provorov,Sport
J.T. Miller,Sport
William Nylander,Sport
Cole Caufield,Sport
Dylan Larkin,Sport
Torey Krug,Sport
Jeff Petry,Sport
Ryan Nugent-Hopkins,Sport
Tomas Hertl,Sport
Brent Burns,Sport
Rasmus Dahlin,Sport
Andrei Svechnikov,Sport
Anthony Cirelli,Sport
Jakob Chychrun,Sport
Tyler Toffoli,Sport
Jack Hughes,Sport
Elias Lindholm,Sport
Darcy Kuemper,Sport
Nick Suzuki,Sport
Tyler Seguin,Sport
Robin Lehner,Sport
Aaron Ekbald,Sport
Sam Reinhart,Sport
Brady Tkachuk,Sport
John Gibson,Sport
Drew Doughty,Sport
Taylor Hal,Sport
Jonathan Toews,Sport
Brock Boeser,Sport
Jaccob Slavin,Sport
Bo Horvat,Sport
Anze Kopitar,Sport
Evander Kane,Sport
Thomas Chabot,Sport
Juuse Saros,Sport
Darnell Nurse,Sport
Nikolaj Ehlers,Sport
Johnny Gaudreau,Sport
Zach Werenski,Sport
Kris Letang,Sport
Gabriel Landeskog,Sport
Devon Toews,Sport
Nicklas Backstrom,Sport
Max Pacioretty,Sport
Steven Stamkos,Sport
Patrik Laine,Sport
Sean Couturier,Sport
John Carlson,Sport
Matthew Tkachuk,Sport
Carey Price,Sport
Jake Guentzel,Sport
Shea Theodore,Sport
Kyle Connor,Sport
Dougie Hamilton,Sport
Mika Zibanejad,Sport
Alex DeBrincat,Sport
John Tavares,Sport
Seth Jones,Sport
Elias Pettersson,Sport
Alex Pietrangelo,Sport
Miro Heiskanen,Sport
Ryan O'Reilly,Sport
Kirill Kaprizov,Sport
Roman Josi,Sport
Evgeni Malkin,Sport
Charlie McAvoy,Sport
Quinn Hughes,Sport
Mark Scheifele,Sport
Jack Eichel,Sport
Jonathan Huberdeau,Sport
Marc-Andre Fleury,Sport
Adam Fox,Sport
Patrice Bergeron,Sport
Mathew Barzal,Sport
Connor Hellebuyck,Sport
Sebastian Aho,Sport
Alex Ovechkin,Sport
Mitch Marner,Sport
Mark Stone,Sport
Mikko Rantanen,Sport
Aleksander Barkov,Sport
Cale Makar,Sport
Brayden Point,Sport
Brad Marchand,Sport
Patrick Kane,Sport
David Pastrnak,Sport
Victor Hedman,Sport
Artemi Panarin,Sport
Sidney Crosby,Sport
Andrei Vasilevskiy,Sport
Leon Draisaitl,Sport
Nikita Kucherov,Sport
Auston Matthews,Sport
Nathan MacKinnon,Sport
Connor McDavid,Sport
Arizona Diamondbacks,Sport
Atlanta Braves,Sport
Baltimore Orioles,Sport
Boston Red Sox,Sport
Chicago White Sox,Sport
Chicago Cubs,Sport
Cincinnati Reds,Sport
Cleveland Guardians,Sport
Colorado Rockies,Sport
Detroit Tigers,Sport
Houston Astros,Sport
Kansas City Royals,Sport
Los Angeles Angels,Sport
Los Angeles Dodgers,Sport
Miami Marlins,Sport
Milwaukee Brewers,Sport
Minnesota Twins,Sport
New York Yankees,Sport
New York Mets,Sport
Oakland Athletics,Sport
Philadelphia Phillies,Sport
Pittsburgh Pirates,Sport
San Diego Padres,Sport
San Francisco Giants,Sport
Seattle Mariners,Sport
St. Louis Cardinals,Sport
Tampa Bay Rays,Sport
Texas Rangers,Sport
Toronto Blue Jays,Sport
Washington Nationals,Sport
Randy Arozarena,Sport
Trey Mancini,Sport
J.D. Martinez,Sport
Giancarlo Stanton,Sport
Tyler Glasnow,Sport
Josh Hader,Sport
Luis Robert,Sport
Kyle Lewis,Sport
Austin Meadows,Sport
Byron Buxton,Sport
Yoán Moncada,Sport
Brandon Nimmo,Sport
Alex Verdugo,Sport
Joey Gallo,Sport
Sonny Gray,Sport
Luis Castillo,Sport
Kyle Hendricks,Sport
Lourdes Gurriel Jr.,Sport
Salvador Perez,Sport
Willson Contreras,Sport
Blake Snell,Sport
Kenta Maeda,Sport
Gio Urshela,Sport
Whit Merrifield,Sport
Charlie Blackmon,Sport
Lance Lynn,Sport
Dinelson Lamet,Sport
Marcus Semien,Sport
Ozzie Albies,Sport
Cavan Biggio,Sport
Max Fried,Sport
Lucas Giolito,Sport
Jack Flaherty,Sport
Dominic Smith,Sport
Pete Alonso,Sport
Rafael Devers,Sport
Gleyber Torres,Sport
Eugenio Suárez,Sport
Kris Bryant,Sport
Javier Báez,Sport
Stephen Strasburg,Sport
Devin Williams,Sport
Liam Hendriks,Sport
Bo Bichette,Sport
Carlos Correa,Sport
Jose Altuve,Sport
Eloy Jiménez,Sport
Brandon Lowe,Sport
Aaron Nola,Sport
Mike Yastrzemski,Sport
Yasmani Grandal,Sport
Ketel Marte,Sport
Josh Donaldson,Sport
Justin Turner,Sport
Max Muncy,Sport
Matt Olson,Sport
Anthony Rizzo,Sport
Nelson Cruz,Sport
Luke Voit,Sport
Walker Buehler,Sport
Hyun Jin Ryu,Sport
Clayton Kershaw,Sport
Marcell Ozuna,Sport
Michael Brantley,Sport
Jeff McNeil,Sport
Michael Conforto,Sport
J.T. Realmuto,Sport
Paul Goldschmidt,Sport
José Abreu,Sport
Yu Darvish,Sport
Trevor Bauer,Sport
Max Scherzer,Sport
Tim Anderson,Sport
Trea Turner,Sport
Xander Bogaerts,Sport
Corey Seager,Sport
Matt Chapman,Sport
Bryce Harper,Sport
Aaron Judge,Sport
George Springer,Sport
José Ramírez,Sport
Manny Machado,Sport
Alex Bregman,Sport
Trevor Story,Sport
Francisco Lindor,Sport
DJ LeMahieu,Sport
Nolan Arenado,Sport
Shane Bieber,Sport
Gerrit Cole,Sport
Cody Bellinger,Sport
Christian Yelich,Sport
Anthony Rendon,Sport
Ronald Acuña Jr.,Sport
Fernando Tatis Jr.,Sport
Juan Soto,Sport
Freddie Freeman,Sport
Jacob deGrom,Sport
Mookie Betts,Sport
Mike Trout,Sport
49ers,Sport
Bengals,Sport
Bills,Sport
Broncos,Sport
Browns,Sport
Buccaneers,Sport
Cardinals,Sport
Chargers,Sport
Chiefs,Sport
Colts,Sport
Cowboys,Sport
Falcons,Sport
Giants,Sport
Jaguars,Sport
Jets,Sport
Packers,Sport
Panthers,Sport
Raiders,Sport
Rams,Sport
Ravens,Sport
Seahawks,Sport
Steelers,Sport
Texans,Sport
Titans,Sport
76ers,Sport
Cavaliers,Sport
Celtics,Sport
Clippers,Sport
Grizzlies,Sport
Hornets,Sport
Knicks,Sport
Lakers,Sport
Mavericks,Sport
Pacers,Sport
Pistons,Sport
Raptors,Sport
Spurs,Sport
Suns,Sport
Timberwolves,Sport
Trail Blazers,Sport
Blackhawks,Sport
Blue Jackets,Sport
Bruins,Sport
Canucks,Sport
Flyers,Sport
Oilers,Sport
Sabres,Sport
Astros,Sport
Blue Jays,Sport
Braves,Sport
Brewers,Sport
Diamondbacks,Sport
Dodgers,Sport
Mariners,Sport
Marlins,Sport
Mets,Sport
Orioles,Sport
Phillies,Sport
Red Sox,Sport
Royals,Sport
White Sox,Sport
Cristiano Ronaldo,Sport
Lionel Messi,Sport
Neymar,Sport
Ronaldo,Sport
Harry Kane,Sport
Paul Pogba,Sport
Mohamed Salah,Sport
Ronaldinho,Sport
Zinedine Zidane,Sport
Zlatan Ibrahimovic,Sport
Luis Suárez,Sport
Serena Williams,Sport
Daniil Medvedev,Sport
Novak Djokovic,Sport
Alexander Zverev,Sport
Rafael Nadal,Sport
Stefanos Tsitsipas,Sport
Matteo Berrettini,Sport
Andrey Rublev,Sport
Casper Ruud,Sport
Felix Auger-Aliassime,Sport
Jannik Sinner,Sport
Hubert Hurkacz,Sport
Cameron Norrie,Sport
Denis Shapovalov,Sport
Diego Schwartzman,Sport
Roberto Bautista Agut,Sport
Pablo Carreno Busta,Sport
Reilly Opelka,Sport
Nikoloz Basilashvili,Sport
Carlos Alcaraz,Sport
Taylor Fritz,Sport
Lorenzo Sonego,Sport
Aslan Karatsev,Sport
John Isner,Sport
Marin Cilic,Sport
Cristian Garin,Sport
Karen Khachanov,Sport
Roger Federer,Sport
Gael Monfils,Sport
Daniel Evans,Sport
Frances Tiafoe,Sport
Alex De Minaur,Sport
Ashleigh Barty,Sport
Naomi Osaka,Sport
Simona Halep,Sport
Sofia Kenin,Sport
Elina Svitolina,Sport
Bianca Andreescu,Sport
Aryna Sabalenka,Sport
Karolina Pliskova,Sport
Kiki Bertens,Sport
Petra Kvitova,Sport
Belinda Bencic,Sport
Yuzuru Hanyu,Sport
Nathan Chen,Sport
Mariah Bell,Sport
Kamila Valieva,Sport
Sui Wenjing,Sport
Alysa Liu,Sport
Timothy LeDuc,Sport
Vincent Zhou,Sport
Anna Stanislavovna,Sport
Kaori Sakamoto,Sport
Madison Chock,Sport
Yuma Kagiyama,Sport
Shoma Uno,Sport
Paul Poirier,Sport
Chloe Kim,Sport
Jason Brown,Sport
Eileen Gu,Sport
Rafael Arutyunyan,Sport
Patrick Chan,Sport
Alexandra Trusova,Sport
Adam Rippon,Sport
Eteri Tutberidze,Sport
Alena Kostornaia,Sport
Alina Zagitova,Sport
Elizaveta Tuktamysheva,Sport
Yulia Lipnitskaya,Sport
Diana Davis,Sport
Rika Kihira,Sport
Mark Kondratiuk,Sport
Victoria Sinitsina,Sport
Tatiana Tarasova,Sport
Anastasia Mishina,Sport
You Young,Sport
Wakaba Higuchi,Sport
Nikita Kastalapov,Sport
Mana Kawabe,Sport
Mai Mihara,Sport
Satoko Miyahara,Sport
Marin Honda,Sport
Tim Koleto,Sport
Riku Miura,Sport
Mao Asada,Sport
Kallie Humphries,Sport
Alex Hall,Sport
Erin Jackson,Sport
Lindsey Jacobellis,Sport
Jessie Diggins,Sport
Ryan Cochran-Siegle,Sport
Jaelin Kauf,Sport
Julia Marino,Sport
Elana Meyers Taylor,Sport
Arianna Fontana,Sport
Cate Campbell,Sport
Simone Biles,Sport
Emily Seebohm,Sport
Katie Ledecky,Sport
Michael Phelps,Sport
Natalya Neidhart,Sport
Sania Mirza,Sport
Natalie Eva Marie,Sport
Paige,Sport
Lindsey Horan,Sport
Brie Bella,Sport
Nikki Bella,Sport
Ronda Rousey,Sport
Emma Raducanu,Sport
Saina Nehwal,Sport
Caroline Wozniacki,Sport
Ana Ivanovic,Sport
Venus Williams,Sport
Genie Bouchard,Sport
David Beckham,Sport
UEFA Champions League,Sport
FIFA,Sport
FC Barcelona,Sport
Real Madrid CF,Sport
PV Sindhu,Sport
Lindsey Vonn,Sport
Katie Taylor,Sport
Ada Hegerberg,Sport
Tirunesh Dibaba,Sport
Nafissatou Thiam,Sport
Mithali Raj,Sport
Ibtihaj Muhammad,Sport
Nicol David,Sport
Stephanie Gilmore,Sport
Nadia Nadim,Sport
Hailie Deegan,Sport
Claressa Shields,Sport
Cecilia Braekhus,Sport
Lieke Martens,Sport
Diana Taurasi,Sport
Maria Sharapova,Sport
Ellyse perry,Sport
Elena Delle Donne,Sport
Samantha Kerr,Sport
Kylian Mbappe,Sport
Lewis Hamilton,Sport
Max Verstappen,Sport
Carlos Sainz,Sport
Sebastien Vettel,Sport
Fernando Alonso,Sport
Sergio Perez,Sport
Michael Shumacher,Sport
Usain Bolt,Sport
Tiger Woods,Sport
Conor McGregor,Sport
Ian Thorpe,Sport
Shaquille O'Neal,Sport
Floyd Mayweather,Sport
Alberto Contador,Sport
Tim Duncan,Sport
Manny Pacquiao,Sport
Kobe Bryant,Sport
uswnt,Sport
Megan Rapinoe,Sport
Casey Murphy,Sport
Alyssa Naeher,Sport
Alana Cook,Sport
Abby Dahlkemper,Sport
Tierna Davidson,Sport
Emily Fox,Sport
Sofia Huerta,Sport
Kelley O'Hara,Sport
Emily Sonnett,Sport
Becky Sauerbrunn,Sport
Morgan Gautrat,Sport
Rose Lavelle,Sport
Catarina Macario,Sport
Kristie Mewis,Sport
Ashley Sanchez,Sport
Andi Sullivan,Sport
Ashley Hatch,Sport
Mallory Pugh,Sport
Margaret Purce,Sport
Sophia Smith,Sport
Lynn Williams,Sport
Champions League,Sport
World Cup,Sport
Super Bowl,Sport
Stanley Cup,Sport
World Series,Sport
Draft day,Sport
Player trade,Sport
March madness,Sport
the goat,Sport
draft pick,Sport
artist,Entertainment
artists,Entertainment
arts,Entertainment
awards,Entertainment
celebrity,Entertainment
celebrities,Entertainment
comedy,Entertainment
comic,Entertainment
documentary,Entertainment
entertaiment,Entertainment
jyp,Entertainment
k-pop,Entertainment
recording,Entertainment
recordings,Entertainment
studios,Entertainment
theatres,Entertainment
Adele,Entertainment
Billie Eilish,Entertainment
Justin Bieber,Entertainment
Jennifer Lopez,Entertainment
Kanye West,Entertainment
Travis Scott,Entertainment
The Weeknd,Entertainment
Dua Lipa,Entertainment
Ariana Grande,Entertainment
Ed Sheeran,Entertainment
Britney Spears,Entertainment
Kim Kardashian,Entertainment
Drake,Entertainment
Robert Pattinson,Entertainment
Zendaya,Entertainment
Lady Gaga,Entertainment
Nicki Minaj,Entertainment
Kylie Jenner,Entertainment
Rihanna,Entertainment
Tom Holland,Entertainment
Doja Cat,Entertainment
Camila Cabello,Entertainment
Lil Nas X,Entertainment
Jungkook,Entertainment
Demi Lovato,Entertainment
Jennifer Lawrence,Entertainment
Harry Styles,Entertainment
Cardi B,Entertainment
Sebastian Stan,Entertainment
Timothee Chalamet,Entertainment
Taylor Swift,Entertainment
Lisa Manoban,Entertainment
Kendall Jenner,Entertainment
Anya Taylor-Joy,Entertainment
Ben Affleck,Entertainment
Zayn Malik,Entertainment
Justin Timberlake,Entertainment
Beyonce,Entertainment
Jennifer Aniston,Entertainment
Katy Perry,Entertainment
Rege-Jean Page,Entertainment
Leigh-Anne Pinnock,Entertainment
Khloe Kardashian,Entertainment
Kourtney Kardashian,Entertainment
Jesy Nelson,Entertainment
Miley Cyrus,Entertainment
Johnny Depp,Entertainment
Shawn Mendes,Entertainment
Iggy Azalea,Entertainment
Sam Smith,Entertainment
Olivia Rodrigo,Entertainment
Chris Brown,Entertainment
Dwayne Johnson,Entertainment
Brad Pitt,Entertainment
Chrissy Teigen,Entertainment
Will Smith,Entertainment
Kevin Hart,Entertainment
Leonardo DiCaprio,Entertainment
Jonas Brothers,Entertainment
Alicia Keys,Entertainment
Kelly Clarkson,Entertainment
Bruno Mars,Entertainment
John legend,Entertainment
Gwen Stefani,Entertainment
The Eagles,Entertainment
Adam Levine,Entertainment
Ludacris,Entertainment
Jennifer Hudson,Entertainment
Maroon 5,Entertainment
Blake Shelton,Entertainment
Nick Jonas,Entertainment
Rascal Flatts,Entertainment
Coldplay,Entertainment
Steven Tyler,Entertainment
Robin Thicke,Entertainment
One Direction,Entertainment
Lady Antebellum,Entertainment
Michael Buble,Entertainment
Susan Boyle,Entertainment
Miranda Lambert,Entertainment
Linkin Park,Entertainment
Pharrell Williams,Entertainment
Kesha,Entertainment
John Mayer,Entertainment
Adam Lambert,Entertainment
Machine Gun Kelly,Entertainment
Meghan Trainor,Entertainment
Cee-Lo Green,Entertainment
Josh Groban,Entertainment
Dj Khaled,Entertainment
Souja Boy,Entertainment
Norah Jones,Entertainment
Darius Rucker,Entertainment
3 Doors Down,Entertainment
Lorde,Entertainment
Florida Georgia Line,Entertainment
Luke Bryan,Entertainment
Nelly Furtado,Entertainment
OneRepublic,Entertainment
Chance the Rapper,Entertainment
Chris Daughtry,Entertainment
Flo Rida,Entertainment
Imagine Dragons,Entertainment
Sugarland,Entertainment
Jordin Sparks,Entertainment
Post Malone,Entertainment
Wiz Khalifa,Entertainment
Lizzo,Entertainment
Megan Thee Stallion,Entertainment
Fall Out Boy,Entertainment
Jason Aldean,Entertainment
Kendrick Lamar,Entertainment
Evanescence,Entertainment
Sia,Entertainment
Ashanti,Entertainment
Fantasia,Entertainment
Sebastian Bach,Entertainment
Ne-Yo,Entertainment
Little Big Town,Entertainment
T-Pain,Entertainment
Halsey,Entertainment
Ruben Studdard,Entertainment
Kings of Leon,Entertainment
Lana Del Rey,Entertainment
Chris Stapleton,Entertainment
Pentatonix,Entertainment
Dierks Bentley,Entertainment
Tyler Perry,Entertainment
Bill Simmons,Entertainment
Elton John,Entertainment
James Patterson,Entertainment
Ryan Reynolds,Entertainment
Gordon Ramsay,Entertainment
The Chainsmokers,Entertainment
Dr Phil McGraw,Entertainment
J.K. Rowling,Entertainment
Ryan Seacrest,Entertainment
Rolling Stones,Entertainment
Mark Wahlberg,Entertainment
Marshmello,Entertainment
Russell Westbrook,Entertainment
Sean Combs,Entertainment
Vin Diesel,Entertainment
Jay-Z,Entertainment
Rory Mcilroy,Sport
Simon Cowell,Entertainment
Jerry Seinfeld,Entertainment
BTS,Entertainment
Judge Judy,Entertainment
Akshay Kumar,Entertainment
David Copperfield,Entertainment
Lin-Manuel Miranda,Entertainment
Backstreet Boys,Entertainment
Phil Collins,Entertainment
Sofia Vergara,Entertainment
Celine Dion,Entertainment
Kyrie Irving,Entertainment
Adam Sandler,Entertainment
Metallica,Entertainment
Jackie Chan,Entertainment
Heidi Klum,Entertainment
Bon Jovi,Entertainment
Paul McCartney,Entertainment
Oprah Winfrey,Entertainment
Dj Khalid,Entertainment
Angelina Jolie,Entertainment
The 335,Entertainment
Jackass Forever,Entertainment
Death on the Nile,Entertainment
Uncharted,Entertainment
The Batman,Entertainment
The Adam Project,Entertainment
Turning Red,Entertainment
The Lost City,Entertainment
Morbius,Entertainment
Sonic 2,Entertainment
Ambulance,Entertainment
The Bad Guys,Entertainment
The Northman,Entertainment
Doctor Strange,Entertainment
DC League,Entertainment
Bob's Burgers,Entertainment
Top Gun: Maverick,Entertainment
Jurassic World,Entertainment
Lightyear,Entertainment
Elvis,Entertainment
Minions: Rise of Gru,Entertainment
Thor,Entertainment
Black Adam,Entertainment
Spider-Man,Entertainment
Black Panther,Entertainment
Aquaman,Entertainment
Sesame Street,Entertainment
Hocus Pocus 2,Entertainment
Deep Water,Entertainment
Cheaper By The Dozen,Entertainment
Enola Holmes,Entertainment
The Gray Man,Entertainment
Knives Out 2,Entertainment
The Pale Blue Eye,Entertainment
Pinocchio,Entertainment
American Auto,Entertainment
Abbott Elementary,Entertainment
Grand Crew,Entertainment
This Is Us,Entertainment
Women of the Movement,Entertainment
All Creatures Great and Small,Entertainment
Euphoria,Entertainment
Peacemaker,Entertainment
Somebody Somewhere,Entertainment
La Fortuna,Entertainment
Ozark,Entertainment
The Gilded Age,Entertainment
Resident Alien,Entertainment
The Afterparty,Entertainment
The Legend of Vox Machina,Entertainment
Pam & Tommy,Entertainment
Raised By Wolves,Entertainment
Reacher,Entertainment
Inventing Anna,Entertainment
Bel-Air,Entertainment
The Walking Dead,Entertainment
The Marvelous Mrs. Maisel,Entertainment
Vikings: Valhalla,Entertainment
Star Trek,Entertainment
The Boys: Diabolical,Entertainment
Outlander,Entertainment
Winning Time: The Rise of the Lakers,Entertainment
The Thing About Pam,Entertainment
The Last of Ptolemy Grey,Entertainment
Young Rock,Entertainment
WeCrashed,Entertainment
Atlana,Entertainment
Bridgerton,Entertainment
Pachinko,Entertainment
The Girl from Plainville,Entertainment
Moon Knight,Entertainment
Our Flag Means Death,Entertainment
The Man Who Fell To Earth,Entertainment
The Shining Girls,Entertainment
Stark Trek,Entertainment
Obi-Wan Kenobi,Entertainment
Stanger Things,Entertainment
The Lord of the Rings,Entertainment
Peaky Blinders,Entertainment
Russian Doll,Entertainment
Ms. Marvel,Entertainment
Westworld,Entertainment
A Spy Among Friends,Entertainment
Andor,Entertainment
Dark Winds,Entertainment
Dead Ringers,Entertainment
DMZ,Entertainment
Girls5Eva,Entertainment
His Dark Materials,Entertainment
House of Dragons,Entertainment
Interview With the Vampire,Entertainment
A League of Their Own,Entertainment
Let the Right one In,Entertainment
The Lincoln Lawyer,Entertainment
Monster: The Jeffrey Dahmer Story,Entertainment
Outer Range,Entertainment
Paper Girls,Entertainment
Secret Invasion,Entertainment
She-Hulk,Entertainment
Sweet Tooth,Entertainment
A Very British Scandal,Entertainment
Wheel of Time,Entertainment
The White House Plumbers,Entertainment
The Witcher: Blood Origin,Entertainment
Avatar 2,Entertainment
Gaslit,Entertainment
The Crown,Entertainment
The Essex,Entertainment
For All Mankind,Entertainment
Love & Death,Entertainment
The Old Man,Entertainment
The Peripheral,Entertainment
The Sandman,Entertainment
Anwar Hadid,Entertainment
Gigi Hadid,Entertainment
Billy Porter,Entertainment
Lauren Jauregui,Entertainment
Nicholas Galitzine,Entertainment
Normani,Entertainment
Bella Hadid,Entertainment
Rami Malek,Entertainment
Ramy Youssef,Entertainment
Hailey Bieber,Entertainment
Irina Shayk,Entertainment
Cara Delevingne,Entertainment
Taylor Hill,Entertainment
Barbara Palvin,Entertainment
Gisele Bundchen,Entertainment
Hailey Baldwin,Entertainment
Emily Ratajkowski,Entertainment
Nigella Lawson,Entertainment
Jamie Oliver,Entertainment
Anne Hathaway,Entertainment
Bradley Cooper,Entertainment
Maluma,Entertainment
Bad Bunny,Entertainment
Daddy Yankee,Entertainment
Natti Natasha,Entertainment
Ricky Martin,Entertainment
Shakira,Entertainment
Luis Fonsi,Entertainment
Marc Anthony,Entertainment
Enrique Iglesias,Entertainment
Christina Aguilera,Entertainment
Andrew Garfield,Entertainment
Jacob Elordi,Entertainment
Zac Efron,Entertainment
Emma Stone,Entertainment
Emma Watson,Entertainment
Salman Khan,Entertainment
Jimmy Fallon,Entertainment
Ellen DeGeneres,Entertainment
Dakota Fanning,Entertainment
Dakota Johnson,Entertainment
Elle Fanning,Entertainment
Antonio Banderas,Entertainment
Penelope Cruz,Entertainment
Gloria Estefan,Entertainment
Emilio Estefan,Entertainment
Alejandro G Iñarritu,Entertainment
Guillermo del Toro,Entertainment
Alfonso Cuarón,Entertainment
Daniel Radcliffe,Entertainment
Maggie Smith,Entertainment
Colin Firth,Entertainment
Kate Winslet,Entertainment
Lily james,Entertainment
James Blunt,Entertainment
Millie Bobby Brown,Entertainment
Gaten Matarazzo,Entertainment
Henry Cavill,Entertainment
Helena Bonham Carter,Entertainment
Meryl Streep,Entertainment
Susan Sarandon,Entertainment
Julia Roberts,Entertainment
Cameron Diaz,Entertainment
Renee Zellweger,Entertainment
Jimmy Kimmel,Entertainment
Lucy Liu,Entertainment
Drew Barrymore,Entertainment
Hugh Grant,Entertainment
Amanda Seyfried,Entertainment
Pierce Brosnan,Entertainment
Emily Blunt,Entertainment
John Krasinski,Entertainment
Steve Carrell,Entertainment
Jenna Fischer,Entertainment
Mark Ruffalo,Entertainment
Robert Downey Jr,Entertainment
Scarlett Johansson,Entertainment
Chris Evans,Entertainment
Chris Hemsworth,Entertainment
Tom Hiddleston,Entertainment
Gwyneth Paltrow,Entertainment
samuel L. Jackson,Entertainment
Jeremy Renner,Entertainment
Elizabeth Olsen,Entertainment
Brie Larson,Entertainment
Anthony Mackie,Entertainment
Benedict Cumberbatch,Entertainment
Blake Lively,Entertainment
Chris Pratt,Entertainment
Don Cheadle,Entertainment
Stanley Tucci,Entertainment
Gina Rodriguez,Entertainment
Justin Baldoni,Entertainment
Eva Mendes,Entertainment
Ryan Gosling,Entertainment
Eva Longoria,Entertainment
Cillian Murphy,Entertainment
Tom hardy,Entertainment
Ewan McGregor,Entertainment
Adam Driver,Entertainment
Kiera Knightley,Entertainment
Natalie Portman,Entertainment
Academy Awards,Entertainment
Oscars,Entertainment
Emmys,Entertainment
Netflix,Entertainment
Hulu,Entertainment
Disney,Entertainment
apparel,Lifestyle
clothes,Lifestyle
designers,Lifestyle
diet,Lifestyle
diets,Lifestyle
fashion,Lifestyle
fashionista,Lifestyle
fitness,Lifestyle
hobbies,Lifestyle
luxury,Lifestyle
streetwear,Lifestyle
vegan,Lifestyle
accessories,Lifestyle
bodybuilding,Lifestyle
cosmetics,Lifestyle
cosmetic,Lifestyle
decoration,Lifestyle
flexitarian,Lifestyle
furniture,Lifestyle
gym,Lifestyle
interior design,Lifestyle
jewellery,Lifestyle
meditation,Lifestyle
plant-based,Lifestyle
vegetarian,Lifestyle
workout,Lifestyle
lipstic,Lifestyle
mascara,Lifestyle
keto,Lifestyle
intermitent fasting,Lifestyle
weight+loss,Lifestyle
pilates,Lifestyle
core+workout,Lifestyle
crossfit,Lifestyle
Martha Stewart,Lifestyle
Food Network,Lifestyle
Proper Tasty,Lifestyle
So Yummy,Lifestyle
Foodys,Lifestyle
Tastemade,Lifestyle
Vogue,Lifestyle
Popsugar,Lifestyle
Sephora,Lifestyle
MAC Cosmetics,Lifestyle
NARS Cosmetics,Lifestyle
Benefit Cosmetics,Lifestyle
Bluemercury,Lifestyle
Bath & Body Works,Lifestyle
Yves Rocher,Lifestyle
KIKO Milano,Lifestyle
Goyard,Lifestyle
Valentino,Lifestyle
Bottega Veneta,Lifestyle
Armani,Lifestyle
Cartier,Lifestyle
Balmain,Lifestyle
Rolex,Lifestyle
Sommer Ray,Lifestyle
Kayla Itsines,Lifestyle
Jen Selter,Lifestyle
Michelle Lewin,Lifestyle
Simeon Panda,Lifestyle
Anllela Sagra,Lifestyle
Paige Hathaway,Lifestyle
Jeff Seid,Lifestyle
Joe Wicks,Lifestyle
Massy Arias,Lifestyle
Cassey Ho,Lifestyle
Bradley Martyn,Lifestyle
Marie Kondo,Lifestyle
Alison Roman,Lifestyle
Fumio Sasaki,Lifestyle
Joshua Becker,Lifestyle
Elie Saab,Lifestyle
Giambattista Valli,Lifestyle
Zuhair Murad,Lifestyle
Georges Hobeika,Lifestyle
Jean Paul Gaultier,Lifestyle
Vera Wang,Lifestyle
Reem Acra,Lifestyle
Iris Van Herpen,Lifestyle
Guo Pei,Lifestyle
Alexander McQueen,Lifestyle
Fong Leng,Lifestyle
Iris Apfel,Lifestyle
Tom Ford,Lifestyle
Stella McCartney,Lifestyle
Dries van Noten,Lifestyle
Victoria Beckham,Lifestyle
"Bed, bath & beyond",Lifestyle
Urban outfitters,Lifestyle
Tiffany & Co,Lifestyle
Lululemon,Lifestyle
North Face,Lifestyle
Banana Republic,Lifestyle
Uniqlo,Lifestyle
Columbia Sportswear,Lifestyle
Whole Foods,Lifestyle
Ralph Lauren,Lifestyle
E.L.F.,Lifestyle
Michael Kors,Lifestyle
J. Crew,Lifestyle
Victoria's secret,Lifestyle
Under Armour,Lifestyle
Kate Spade,Lifestyle
Ted Baker,Lifestyle
Chanel,Lifestyle
Givenchy,Lifestyle
Mossy Oak,Lifestyle
Kuhl,Lifestyle
L.L. Bean,Lifestyle
LL Bean,Lifestyle
J Crew,Lifestyle
The Terminal List,Entertainment
The Summer I Turned Pretty,Entertainment
Luke Combs,Entertainment
Resident Evil,Entertainment
Umbrella Academy,Entertainment
Ghostbusters: Afterlife,Entertainment
Ghostbusters Afterlife,Entertainment
The Man From Toronto,Entertainment
Woody Harrelson,Entertainment
The Sea Beast,Entertainment
JK Rowling,Entertainment
The Marvelous Mrs Maisel,Entertainment
Ms Marvel,Entertainment
Samuel L Jackson,Entertainment
St Louis Cardinals,Sport
JD Martinez,Sport
JT Realmuto,Sport
St Louis Blues,Sport
JT Miller,Sport
free agency,Sport
Neil Patrick Harris,Entertainment
Virgin River,Entertainment
Selling Sunset,Entertainment
Only Murders in the Building,Entertainment
Selena Gomez,Entertainment
Cobra Kai,Entertainment
Hailey Whitters,Entertainment
Carly Pearce,Entertainment
Morgan Wade,Entertainment
Kelsea Ballerini,Entertainment
Kenny Chesney,Entertainment
Brothers Osborne,Entertainment
Carrie Underwood,Entertainment
Gabby Barrett,Entertainment
Ashley McBryde,Entertainment
Eric Church,Entertainment
Morgan Wallen,Entertainment
Maren Morris,Entertainment
Maddie & Tae,Entertainment
Danielle Bradbury,Entertainment
Ryan Hurd,Entertainment
Ingrid Andress,Entertainment
Tenille Townes,Entertainment
Purple Hearts,Entertainment
The Age of Adaline,Entertainment
Tower Heist,Entertainment
Men in Black,Entertainment
Sing 2,Entertainment
Shania Twain,Entertainment
Red Notice,Entertainment
Daughter of the Wolf,Entertainment
12 Strong,Entertainment
"Hello, Goodbye, and Everything in Between",Entertainment
American Assassin,Entertainment
The Dark Knight,Entertainment
Love & Gelato,Entertainment
Chickenhare and the Hamster of Darkness,Entertainment
Backtrace,Entertainment
Woodstock '99,Entertainment
Kung Fu Panda,Entertainment
"Boo, Bitch",Entertainment
Man Vs Bee,Entertainment
Snowflake Mountain,Entertainment
God's Favorite Idiot,Entertainment
Keep Sweet: Pray and Obey,Entertainment
Surviving Summer,Entertainment
Under the Banner of Heaven,Entertainment
Daisy Edgar-Jones,Entertainment
Sam Worthington,Entertainment
Keri Russell,Entertainment
Matthew Rhys,Entertainment
Jeff Bridges,Entertainment
John Lithgow,Entertainment
E. J. Bonilla,Entertainment
Patricia Arquette,Entertainment
Joey King,Entertainment
AnnaSophia Robb,Entertainment
Victoria’s Secret: Angels and Demons,Entertainment
Rebecca Rittenhouse,Entertainment
Nichole Sakura,Entertainment
David Del Rio,Entertainment
The Bear,Entertainment
Jeremy Allen White,Entertainment
Ebon Moss-Bachrach,Entertainment
American Horror Stories,Entertainment
Matt Bomer,Entertainment
"Love, Victor",Entertainment
The Orville,Entertainment
Seth MacFarlane,Entertainment
Adrianne Palicki,Entertainment
Scott Grimes,Entertainment
Jessica Biel,Entertainment
Melanie Lynskey,Entertainment
Yellowjackets,Entertainment
Life & Beth,Entertainment
Amy Schumer,Entertainment
Violet Young,Entertainment
Michael Cera,Entertainment
Nick Offerman,Entertainment
Seth Rogen,Entertainment
Taylor Schilling,Entertainment
How I Met Your Father,Entertainment
Hilary Duff,Entertainment
Christopher Lowell,Entertainment
Francia Raisa,Entertainment
Grey's Anatomy,Entertainment
Ellen Pompeo,Entertainment
Kyle Chandler,Entertainment
Christina Ricci,Entertainment
Fort Salem,Entertainment
The Wilds,Entertainment
The Wheel of Time,Entertainment
Little Fires Everywhere,Entertainment
Nine Perfect Strangers,Entertainment
Kevin Can F**k Himself,Entertainment
Wolf Like Me,Entertainment
Nintendo,Entertainment
Always Jane,Entertainment
Reese Witherspoon,Entertainment
Martin Freeman,Entertainment
Tom Ellis,Entertainment
Tom Welling,Entertainment
Lauren German,Entertainment
Rings of Power,Entertainment
Michael C. Hall,Entertainment
Jennifer Carpenter,Entertainment
David Zayas,Entertainment
Geoff Pierson,Entertainment
Jamie Harris,Entertainment
Orlando Bloom,Entertainment
Jared Harris,Entertainment
Locke & Key,Entertainment
Alan Tudyk,Entertainment
I Am Groot,Entertainment
Five Days at Memorial,Entertainment
Vera Farmiga,Entertainment
Tales of the Walking Dead,Entertainment
Samantha Morton,Entertainment
Tatiana Maslany,Entertainment
House of the Dragon,Entertainment
Emma D'Arcy,Entertainment
Matt Smith,Entertainment
Olivia Cooke,Entertainment
Rhys Ifans,Entertainment
Patty Considine,Entertainment
H. Jon Benjamin,Entertainment
Judy Greer,Entertainment
Chris Parnell,Entertainment
Welcome to Wrexham,Entertainment
Rob McElhenney,Entertainment
Trevante Rhodes,Entertainment
Stargirl,Entertainment
Joel McHale ,Entertainment
Luke Wilson,Entertainment
Morfydd Clark,Entertainment
Martin Kove,Entertainment
Peyton List,Entertainment
Tanner Buchanan,Entertainment
Elisabeth Moss,Entertainment
Sophie Giraud,Entertainment
The Handmaid's Tale,Entertainment
Diego Luna,Entertainment
Rogue One,Entertainment
Star Wars: The Bad Batch,Entertainment
Entergalactic,Entertainment
Kid Cudi,Entertainment
Jessica Williams,Entertainment
Norman Reedus,Entertainment
Tulsa King,Entertainment
Sylvester Stallone,Entertainment
Warwick Davis,Entertainment
Rick and Morty,Entertainment
Elizabeth Debicki,Entertainment
Ben Mendelsohn,Entertainment
Pennyworth,Entertainment
Jack Bannon,Entertainment
Guardians of the Galaxy,Entertainment
Anya Chalotra,Entertainment
Army of the Dead,Entertainment
Jack Harlow,Entertainment
Steve Lacy,Entertainment
Glass Animals,Entertainment
The Kid LAROI,Entertainment
21 Savage,Entertainment
Kane Brown,Entertainment
Bailey Zimmerman,Entertainment
Zach Bryan,Entertainment
"Tyler, the Creator",Entertainment
Tyler the Creator,Entertainment
Walker Hayes,Entertainment
Karol G,Entertainment
Lana Del Ray,Entertainment
HBO Max,Entertainment
David Hyde Pierce,Entertainment
Julia Louis-Dreyfus,Entertainment
Nike,Lifestyle
Louis Vuitton,Lifestyle
GUCCI,Lifestyle
Adidas,Lifestyle
Hermes,Lifestyle
H&M,Lifestyle
Dior,Lifestyle
Tiffany & Co.,Lifestyle
Chow Tai Fook,Lifestyle
Burberry,Lifestyle
The North Face,Lifestyle
Levi's,Lifestyle
Moncler,Lifestyle
Yves Saint Laurent,Lifestyle
Prada,Lifestyle
Old Navy,Lifestyle
Bulgari,Lifestyle
Skechers,Lifestyle
Tommy Hilfiger,Lifestyle
TAG Heuer,Lifestyle
Calvin Klein,Lifestyle
Lao Feng Xiang,Lifestyle
Li Ning,Lifestyle
Bosideng,Lifestyle
Van Cleef & Arpels,Lifestyle
Loewe,Lifestyle
Hugo Boss,Lifestyle
Arc’teryx,Lifestyle
Cotopaxi,Lifestyle
Kathmandu,Lifestyle
Foresake Co,Lifestyle
Outdoor Research,Lifestyle
Smartwool,Lifestyle
Mammut,Lifestyle
Jack Wolfskin,Lifestyle
Helly Hansen,Lifestyle
Toyota,Lifestyle
Chevrolet,Lifestyle
Mercedes-Benz,Lifestyle
BMW,Lifestyle
Porsche,Lifestyle
Subaru,Lifestyle
Nissan,Lifestyle
Cadillac,Lifestyle
Volkswagen,Lifestyle
Audi,Lifestyle
Ferrari,Lifestyle
Volvo,Lifestyle
GMC,Lifestyle
Buick,Lifestyle
Hyundai,Lifestyle
Land Rover,Lifestyle
Chrysler,Lifestyle
Alfa Romeo,Lifestyle
Martin Short,Entertainment
Steve Martin,Entertainment
Kristen Bell,Entertainment
Kaley Cuoco,Entertainment
Michelle Gomez,Entertainment
Jean Smart,Entertainment
Sufjan Stevens,Entertainment
Ben Platt,Entertainment
Rachel Brosnahan,Entertainment
Tony Shalhoub,Entertainment
Nathan Fillion,Entertainment
Stana Katic,Entertainment
The Hating Game,Entertainment
The Peanut Butter Falcon,Entertainment
How to Train Your Dragon,Entertainment
Back to the Outback,Entertainment
Legally Blonde,Entertainment
Eurovision,Entertainment
Better Call Saul,Entertainment
Bob Odenkirk,Entertainment
Mortal Engines,Entertainment
How to Build a Sex Room,Entertainment
Brooklyn Nine-Nine,Entertainment
Iron Chef,Entertainment
Breaking Bad,Entertainment
Grace and Frankie,Entertainment
Grace & Frankie,Entertainment
David Letterman,Entertainment
Love Death and Robots,Entertainment
Bill Burr,Entertainment
House of Gucci,Entertainment
All or Nothing Arsenal,Entertainment
Thirteen Lives,Entertainment
Adam Devine,Entertainment
Carnage a Trois,Entertainment
The Grand Tour,Entertainment
All the Old Knives,Entertainment
American Gods,Entertainment
The Man in the High Castle,Entertainment
Star Trek Picard,Entertainment
Patrick Stewart,Entertainment
Pottery Barn,Lifestyle
Crate and Barrel,Lifestyle
Crate & Barrel,Lifestyle
Williams-Sonoma,Lifestyle
Williams Sonoma,Lifestyle
Soulcycle,Lifestyle
Orvis,Lifestyle
Ann Taylor,Lifestyle
T.J. Maxx,Lifestyle
TJ Maxx,Lifestyle
Nascar,Sport
Chase Elliott,Sport
Ross Chastain,Sport
indy500,Sport
IndyCar Series,Sport
Formula 1,Sport
Formula One,Sport
Matthew Broderick,Entertainment
Sarah Jessica Parker,Entertainment
Sex and the City,Entertainment
Kristin Landen Davis,Entertainment
Lainey Wilson,Entertainment
Caylee Hammack,Entertainment
Idris Elba,Entertainment
Jamie Lee Curtis,Entertainment
Keanu Reeves,Entertainment
Laurence Fishburne,Entertainment
Jada Pinkett Smith,Entertainment
Ted Danson,Entertainment
William Jackson Harper,Entertainment
Jameela Jamil,Entertainment
D'Arcy Carden,Entertainment
Manny Jacinto,Entertainment
Terry Crews,Entertainment
Andy Samberg,Entertainment
John Mulaney,Entertainment
Will Arnett,Entertainment
Eric Bana,Entertainment
Keegan-Michael Key,Entertainment
Dennis Haysbert,Entertainment
J.K. Simmons,Entertainment
JK Simmons,Entertainment
Chip 'n Dale: Rescue Rangers,Entertainment
Hotel Transylvania: Transformania,Entertainment
Kathryn Hahn,Entertainment
David Spade,Entertainment
Jim Gaffigan,Entertainment
Steve Buscemi,Entertainment
Angourie Rice,Entertainment
Christopher Mintz-Plasse,Entertainment
Finn Wolfhard,Entertainment
Caleb McLaughlin,Entertainment
Noah Schnapp,Entertainment
Sadie Sink,Entertainment
Joe Keery,Entertainment
Natalia Dyer,Entertainment
Winona Ryder,Entertainment
Jared Leto,Entertainment
Clea DuVall,Entertainment
Cuisinart,Lifestyle
InstantPot,Lifestyle
Le Creuset,Lifestyle
T-fal,Lifestyle
Rachael Ray,Lifestyle
Circulon,Lifestyle
Farberware,Lifestyle
Anolon,Lifestyle
Calphalon,Lifestyle
TaylorMade,Sport
Titleist,Sport
Mizuno,Sport
Van Den Weghe,Lifestyle
Muuto,Lifestyle
MZPA,Lifestyle
Laufen,Lifestyle
GUBI,Lifestyle
FRITZ HANSEN,Lifestyle
B&B Italia,Lifestyle
Kartell Official,Lifestyle
Minotti spa,Lifestyle
Louis Poulsen,Lifestyle
FLEXFORM,Lifestyle
Ligne Roset ,Lifestyle
Bisazza,Lifestyle
Davide Groppi,Lifestyle
Locke and Key,Entertainment
I Just Killed My Dad,Entertainment
Man in the High Castle,Entertainment
Doom Patrol,Entertainment
The Bold Type,Entertainment
What We Do in the Shadows,Entertainment
Letterkenny,Entertainment
Donald Glover,Entertainment
Pam and Tommy,Entertainment
Single Drunk Female,Entertainment
Abbott Elementary ,Entertainment
It's Always Sunny in Philadelphia,Entertainment
Danny Devito,Entertainment
Charlie Day,Entertainment
Glenn Howerton,Entertainment
Kaitlin Olson,Entertainment
Forest Whitaker,Entertainment
Godfather of Harlem,Entertainment
Dopesick,Entertainment
Michael Keaton,Entertainment
The D'Amelio Show,Entertainment
Billy Bob Thornton,Entertainment
Cate Blanchett,Entertainment
Reservation Dogs,Entertainment
Alec Burks,Sport
Nerlens Noel,Sport
Malcolm Brogdon,Sport
Jock Landale,Sport
Patrick Beverley,Sport
Talen Horton-Tucker,Sport
Stanley Johnson,Sport
Royce O’Neale,Sport
Christian McCaffrey,Sport
Derrick Henry,Sport
Austin Ekeler,Sport
Najee Harris,Sport
Dalvin Cook,Sport
Cooper Kupp,Sport
Justin Jefferson,Sport
Ja'Marr Chase,Sport
D'Andre Sift,Sport
Joe Mixon,Sport
Davante Adams,Sport
Mock Draft,Sport
Travis Kelce,Sport
Stefon Diggs,Sport
Rob Gronksowski,Sport
Russell Wilson,Sport
Keenan Allen,Sport
Zach Ertz,Sport
First Round Pick,Sport
Fantasy Draft,Sport
PPR League,Sport
Sleeper Pick,Sport
Dejounte Murray,Sport
