full_text,tweet_id,screen_name,user_id,created_at,lang,location,time_zone,verified,listed_count,favourites_count,statuses_count,friends_count,followers_count
"LTEC Athlete #BaseBall 

#MLB ‚öæÔ∏è

Original #NFTs from (the now!) 40 time decorated music video:
‚ÄúLet Them Eat Cake (Official Video)‚Äù

 https://t.co/9tdTrqjaKv via @opensea",1560053745953767426,Earnest_Diaz,15511301,2008-07-21 06:08:21,,"H, TX",,False,26,25812,2736,4838,1591
"FamilyID registration is now OPEN FOR ALL SPORTS. Don't wait! JV/Varsity closes soon!

Rather than fax/email your athlete's physical, upload directly to the site (phone pics work). 

üëâ https://t.co/jFhdLfO0La 

-FamilyIDSupport: 888-800-5583
-Email: support@familyid.com. https://t.co/ZAwpcDlaGd",1560053613002629120,WIEagles,743112517,2012-08-07 15:24:49,,"Irondequoit, New York",,False,40,2045,23549,327,3486
I‚Äôm behind on the pods but according to @_willcompton @BussinWTB I‚Äôm an athlete üí™üèª,1560050778747838471,Argonaut1996,1059405379,2013-01-04 03:07:03,,"Memphis, TN",,False,1,14714,8587,1578,836
"Every location has something to offer

#team #track #athlete 
#nike 

Book your next session 

https://t.co/d8QETEZxIj @ Ashbrook High School https://t.co/J2qeA2Wz3q",1560050353399365632,Murphyphotosnet,444096304,2011-12-22 21:59:24,,"Charlotte, NC",,False,11,99,2870,266,248
"Thank you to everyone who tried out this week for our 2022 Shawnee Mission South Boys Soccer Team. We had a great turnout of around 75 athletes and we appreciate the effort each athlete gave this week! 

Follow this link to see our 2022 Team Rosters: https://t.co/otHVpbrOo8",1560050158842298368,RaiderFutbol,1651043280,2013-08-06 19:38:53,,"Overland Park, KS",,False,6,2961,2785,195,797
"Is there a celebrity, athlete, politician, or someone that you looked up to or admired, that when you heard their stance on masking, vaccines, and/or the conspiracy theories involved with Covid... you just lost all respect for them?
#Covid_19 #CovidIsNotOver #WearAMask #Vaccinate",1560049853685592067,DaddyDeyo,55040542,2009-07-08 21:47:33,,"Anaheim, CA",,False,47,84424,67952,1146,911
The world of golf celebrates as Tiger Woods is announced as the cover athlete of PGA Tour¬†2K23 https://t.co/MbivwWKmxU,1560049690871209985,sportzshala,1523266931297374209,2022-05-08 11:42:06,,usa,,False,0,0,5480,128,13
"College folders coming out of the active athlete hanger sucks every year.

But I know the texts of new levels of performance are about to start. https://t.co/IVONwe6t4Y",1560049472633245696,EAPerformance_,979677835,2012-11-30 03:35:19,,"Benton, AR",,False,21,12625,13145,2267,3421
No Pittsburgh athlete should wear 66 especially not someone named Bligh Madris. Jesus.,1560048953797771264,Aldo_Monti,94522255,2009-12-04 09:08:39,,"Pittsburgh, PA",,False,18,36602,70790,3668,788
"My favorite kind of bad SNL sketch is the kind where the host clearly refuses to act or move or anything so basically the entire cast has to be funny AROUND them.

See also: Steven Seagal, Elon, and almost any episode hosted by a professional athlete. https://t.co/xQrFDmUcG0",1560048768967270400,thebradjw,1571484943,2013-07-05 22:22:02,,"Portland, OR",,False,0,46947,3821,669,94
"As well spoken as an athlete can be, during a time where it‚Äôs tough to show poise and tranquility.

Austin Hedges will probably be fined for critiquing #MLB umpiring, but he shouldn‚Äôt. He stated facts and did so professionally and succinctly. #Guardians https://t.co/h4NpKR72ts",1560047098216812550,RobertoVinCLE,2275196450,2014-01-03 22:39:38,,"Cleveland, Ohio",,False,7,25019,2962,716,201
"Excited to welcome 2025 OF, MIF, RHP @kimmya_sims to the fold. She showed off her speed at evals earlier this month. Be sure to catch her showing off what she can do this fall. 
https://t.co/RqNvFVaI47 https://t.co/kDbvKItlTj",1560046641717051392,TNTMarylandGold,1211092629686902784,2019-12-29 01:12:56,,"Maryland, USA",,False,1,2251,1533,2248,489
Genie Bouchard to play at 2022 Odlum Brown¬†VanOpen https://t.co/7HU9HZGNlU,1557154104576802818,usasharenews,1476165846057644034,2021-12-29 12:19:23,,United States,,False,1,0,404287,1821,485
"#GoalkeepingOTD 1996: Neil Sullivan famously got caught out by David Beckham's half field strike
#GOALKEEPER

Beckham Goal
https://t.co/FxW0DEBMJm
Sullivan Wiki
https://t.co/y6gjImwnaP",1560004449527111680,uragk2,880776367,2012-10-14 19:01:27,,"Columbia, SC",,False,12,12642,8065,643,492
David Beckham is one fine man,1560001234542772228,theonlyonee___,279646747,2011-04-09 18:13:21,,"Houston, TX",,False,3,5763,31953,372,349
"Came across a GQ magazine with a guy on the cover i couldn't quite place. Thought: this is a good-looking man but not as good-looking as The Guy. Spaced out sadly for a minute, then refocused on magazine cover &amp; realized the dude's name was right there. 

David Beckham.
Ffs.",1559991573148057600,kittensnotkids,544031039,2012-04-03 06:31:26,,pittsburgh,,False,8,410711,58645,853,1072
In the middle of the field like David Beckham üòé26 years ago today https://t.co/ba48ZZBtZC,1559957378807767040,era_mass,1293189413657174026,2020-08-11 14:16:23,,"Newf, Atlanta",,False,0,250,125,422,458
"I don‚Äôt care about the other 4 athletes, this top 5 list is illegitimate if it does not include Rafael Nadal https://t.co/OlMNv0VYEj",1560053695492022273,TennisTycoon,111229218,2010-02-04 06:09:06,,"Boca Raton, FL",,False,75,12845,50311,587,1663
"AMERICAN TENS WANTS YOU üá∫üá∏

American Tens is dedicated to unearthing sports most gifted athletes and to unlocking a new breed of competitor to partake in the world's most ferocious and captivating full-contact sport @american_10s üèÜ

Sign Up Now https://t.co/dWNF3H4WRC https://t.co/gAvbnSwVOt",1560053693436907520,american_10s,1448664107599548422,2021-10-14 14:57:03,,"Tampa, FL",,False,0,5,34,19,72
"Advice to young professionals in athletics: you can be liked and cool with your student-athletes while still maintaining professional boundaries. Blurring those lines is dangerous because the students may not have much to lose, but you could ruin your career.",1560053658900992006,HaleyFaulknerLS,1317151448996655104,2020-10-16 17:12:43,,"Athens, GA",,False,0,520,362,235,155
"It‚Äôs a great day!!! One of our former 4 year  player, @LiLMalmal52 (Jamal Garner) was selected as the Head Coach for Illinois School for the Deaf!!His student athletes will be so lucky to have a wonderful man teaching them about life and basketball!!!! Good luck Coach Garner!!!",1560053483654594567,GUCoachKovacs,3290283758,2015-07-24 15:57:20,,"Washington, DC",,False,9,1770,2444,393,787
We‚Äôre going to prepare our student athletes to launch into the next level the right way for the right reasons. Proactive student athletes in every facet of life. #SDStandard #LEO #ONETRIBE https://t.co/rAMdNpD9Em,1560053454281768961,SDpaulshelton,168252520,2010-07-18 20:58:51,,"Knoxville, TN",,False,18,12317,10829,852,3772
So very thankful to Tommy Cassell and the entire staff at MetroWest.  They do an amazing job supporting local high school athletes.  #grateful https://t.co/Gibmbcl103,1560053320034795521,KPowersMA,4158004815,2015-11-10 17:46:59,,"Massachusetts, USA",,False,0,759,212,26,63
"AMERICAN TENS WANTS YOU üá∫üá∏

American Tens is dedicated to unearthing sports most gifted athletes and to unlocking a new breed of competitor to partake in the world's most ferocious &amp; captivating full-contact sport @american10s üèÜ

Sign Up Now: https://t.co/38q65L2qrj https://t.co/QH1IBLAFEa",1560053259963928576,tigerrugby,148644338,2010-05-27 06:53:55,,USA,,False,13,5847,3625,1069,1286
"Parents, Coaches and athletes.   What's your honest opinion about this decision? https://t.co/0wtTGJo7DZ",1560052352333348864,NGE_Training,1196221793910034434,2019-11-18 00:21:27,,"Fitchburg, MA",,False,0,454,231,887,365
"Join us tomorrow as we host an ""Our Day to Shine"" scrimmage vs Victoria West. We will collect donations at the gate to benefit the‚Å¶ @THSCAcoaches Benevolence Fund to assist athletes &amp; coaches going through hardships. We're excited to contribute to this great cause! @GPWildcatsFB https://t.co/tSowe4uNUo",1560052205977313280,GPAthletics1,1428436423896666122,2021-08-19 19:19:44,,"Portland, Texas",,False,0,0,81,0,156
"Athletes &amp; Parents - College coaches label themselves as Coach &amp; recruit for only their school. 

If someone inboxes you &amp; says they are a ‚Äúcollege recruiter ‚Äú, ask them for what college. 

College coaches don‚Äôt label themselves as a college recruiter.",1560052088121483265,SR_scouting,887651244935925760,2017-07-19 12:32:03,,"Texas, USA",,False,2,20556,12648,3164,5718
"After I'm through with this contract, say that an NFL teams wants too pay me for my talent and business , I want too start an performance art act for athletes and artist who shows mental disabilities that want too become professionals.... With an background with weed involved...",1560051893174517760,rockstar_mal,842129572850221056,2017-03-15 21:45:10,,"Pittsburgh, PA",,False,2,4931,60956,4974,779
"We have our first NIL package live whatever you can give is great!! Help these college students out!! This will all be going back to the student athletes ‚ÄºÔ∏è

https://t.co/CqVOXjK8Aa",1560051807392505862,BU_FootballTN,1342344223,2013-04-10 16:36:47,,"McKenzie, TN",,False,20,8261,6695,127,13807
"A lot of these teams don‚Äôt care about you, go to your own private doctors athletes!! https://t.co/PI1dzG0tzf",1560051461421252609,leek_staxx,809982042884763648,2016-12-17 04:42:22,,"Richmond, VA",,False,1,5228,7464,1015,462
Our @HiltonSPbooster Exec Board getting their L2 food handler certification. Thanks for your commitment to our student athletes. Excited to serve food this fall at our athletic events. #ImpactPlayers  #GoCadets https://t.co/ENvcYJJ5nj,1560050827556954112,HiltonCadets,2194520618,2013-11-14 16:52:47,,"Hilton, NY",,False,30,1,39173,147,3714
"I've always enjoyed commitment/college signing stories, so it makes me happy my first published story for The Forum is exactly that! It's always cool to see student athletes continue their academic and athletic careers like Sheyenne senior Tierney Howell. https://t.co/bVIuqiLTUw",1560050677543575552,To2D_Rose,2344519166,2014-02-15 04:06:39,,"West Fargo, ND",,False,7,10135,6636,1096,232
"Thank you to everyone who tried out this week for our 2022 Shawnee Mission South Boys Soccer Team. We had a great turnout of around 75 athletes and we appreciate the effort each athlete gave this week! 

Follow this link to see our 2022 Team Rosters: https://t.co/otHVpbrOo8",1560050158842298368,RaiderFutbol,1651043280,2013-08-06 19:38:53,,"Overland Park, KS",,False,6,2961,2785,195,797
"What better way to welcome back our student-athletes than competitive rounds of laser tag?? We‚Äôre excited to have our athletes back on campus and look forward to the upcoming athletic year!
#OneBlood #GoBC https://t.co/YUcmYWnmgz",1560050116974841864,Berea_Athletics,364909899,2011-08-30 15:09:01,,"Berea, Kentucky",,False,14,636,3536,76,1575
"Mr. @Coachb_e_z3 KNOWS he will see lot of student-athletes assisting in cleaning up campus &amp; get ready on the back fields!

@LHSCougarXC 
@LuHiBoysSoccer
@LutheranSCGolf 
@LHS_Sapphires 
@LCougarcheer 
@LHSSC_Tennis 
@LHSCougarsSB 
@lhscougarfb 
@LHSCougarGVB 
@CouglesSwimming https://t.co/jI629Xspck",1560050089183305729,LuHiActivities,753693887315611649,2016-07-14 20:53:20,,"Saint Peters, MO",,False,10,4193,2551,44,1275
"Great article on how NIL has evolved at the campus level and where things are headed.

Many schools are embracing NIL and doing all they can to ensure athletes are receiving as much $ as possible.

All schools that want to compete at the highest level will have to do the same. https://t.co/9IE81WqqI2",1560050086238982147,WinterSportsLaw,1143151020,2013-02-02 18:59:11,,Kansas City,,False,39,8135,5027,2663,2359
Thank you @USAGym for taking abortion laws into consideration when choosing sites and protecting your athletes.  Where's a statement from the @NCAA ? #USAGymnastics,1560049566493290498,annara1,40506618,2009-05-16 17:42:09,,"Torrance, CA",,False,0,50823,9808,1857,165
Thank you to everyone who came out to Fall Sports Meet the Coach Night! We have a great staff of fall coaches ready to give our athletes a transformative experience this season üí™ #TigersLead https://t.co/IcbHivrUkX,1560049355754708993,OAHSTigersports,739518524,2012-08-06 00:30:45,,"Easton, Massachusetts",,False,32,275,7483,77,2837
This was one of my former players when I coached at Virginia Commonwealth University.  Now a professor at George Washington University and wrote a book to help college student-athletes.  Pretty cool! https://t.co/Y6gorYWZZB,1560049354349678592,CoachJillDunn,546417692,2012-04-06 01:16:57,,"Charlotte, NC",,False,6,3607,2827,1084,1564
"BAL Ravens had a ridiculously high number of athletes that had season ending injuries in 2021-22, and are now healthy for 2022-23. BAL‚Äôs X-Factor? RB, JK Dobbins. BAL needs a ground game to support QB1 Lamar Jackson. That run game starts w/ Dobbins #NFL #Ravens",1560049013424095233,rjuray3,700728088,2013-10-03 22:52:39,,"Virginia Beach, VA",,False,8,10585,16213,4094,3506
"Thank you for the @mnwindchill tickets @madproducer1! @Cinder4042 and I had a great time! Great athletes, enthusiastic fans, and excellent atmosphere. https://t.co/9zZhMfhXkM",1560048938522116096,nheath80,404540222,2011-11-04 02:14:40,,"Minneapolis, MN",,False,0,1279,518,257,23
I enjoyed myself at our first football game yesterday. So proud of our student athletes and coaches. 36-0 #cardinalpride https://t.co/hv6Yvab0MD,1560048732791513090,LisaBurtonNY2TN,830109430314364928,2017-02-10 17:41:25,,"Tennessee, USA",,False,0,154,16,43,23
Dynamo Kyiv 0-2 Benfica MATCH RESULT-SUMMARY ‚Äì Breaking UEFA Champions League¬†news https://t.co/aHaH5s35yK,1560046813968842753,take_to_news,1477215010204041219,2022-01-01 09:48:22,,USA,,False,4,0,92741,5,118
2nite Champions Monsters! #HitItFirst 2021-22 Topps Finest UEFA Champions League Soccer - Triple Box BOGO Tiered Break! 2 Clubs/Teams Per Spot! 11 Spots! https://t.co/KSte4eTbus https://t.co/IvIyUAon1p,1560042808093843457,TopShelfBreaks,2718549421,2014-08-09 03:34:12,,"Chicago, IL",,False,98,67440,314313,6816,10578
Maccabi Haifa 3-2 Red Star MATCH RESULT-SUMMARY ‚Äì Breaking UEFA Champions League¬†news https://t.co/GD5kWsBO1v,1560034246655361024,take_to_news,1477215010204041219,2022-01-01 09:48:22,,USA,,False,4,0,92741,5,118
2nite Champions Monsters! #HitItFirst 2021-22 Topps Finest UEFA Champions League Soccer - Triple Box BOGO Tiered Break! 2 Clubs/Teams Per Spot! 11 Spots! https://t.co/KSte4eTbus https://t.co/7NrBST7MkI,1560029463584317442,TopShelfBreaks,2718549421,2014-08-09 03:34:12,,"Chicago, IL",,False,98,67440,314313,6816,10578
"When is Champions League draw? Date, time for qualifying, group stage and every round in 2022/23 UEFA tournament https://t.co/SAiGGpjJrX",1560021039484047360,MyNextSeat1,1107364615099502592,2019-03-17 19:34:32,,"Florida, USA",,False,3,0,86320,5,63
2nite Champions Monsters! #HitItFirst 2021-22 Topps Finest UEFA Champions League Soccer - Triple Box BOGO Tiered Break! 2 Clubs/Teams Per Spot! 11 Spots! https://t.co/KSte4eTbus https://t.co/jerIu4sDzk,1560012603736432641,TopShelfBreaks,2718549421,2014-08-09 03:34:12,,"Chicago, IL",,False,98,67440,314313,6816,10578
"Full time: üáÆüá±#MaccabiHaifa 3, üá∑üá∏Red Star Belgrade 2. Frandtzy Pierrot scored a brace for the Greens and Tjaron Chery hit the game winner as Haifa is now just 90 minutes away from the #UEFA Champions League group stage. Incredible! üü¢‚ö™Ô∏è",1560008805131354115,DanielKarell,1041631087,2012-12-28 07:52:03,,"Louisville, KY",,False,77,294321,75568,2388,1656
2nite Champions Monsters! #HitItFirst 2021-22 Topps Finest UEFA Champions League Soccer - Triple Box BOGO Tiered Break! 2 Clubs/Teams Per Spot! 11 Spots! https://t.co/KSte4eTbus https://t.co/jqf773P58d,1560003293761478657,TopShelfBreaks,2718549421,2014-08-09 03:34:12,,"Chicago, IL",,False,98,67440,314313,6816,10578
Josh Cohen's Maccabi Haifa takes a 3-2 lead an hour in to the first leg of their Uefa Champions League playoff with Red Star Belgrade.,1559998975318495232,danieltyree,44752134,2009-06-04 22:54:30,,"Sacramento, CA",,False,74,42547,58107,1584,1338
Scoring bangers in the 610 ‚û°Ô∏è paving the way for MH in UEFA Champions League play. What a lad Frantzdy! THIS is #path2pro https://t.co/vRPFXPvQTv,1559985574781616130,ReadingUnited,102455945,2010-01-06 19:24:53,,"Reading, PA",,False,105,4966,20351,539,3716
2nite Champions Monsters! #HitItFirst 2021-22 Topps Finest UEFA Champions League Soccer - Triple Box BOGO Tiered Break! 2 Clubs/Teams Per Spot! 11 Spots! https://t.co/KSte4eTbus https://t.co/ZLsPIjyW78,1559984927193579520,TopShelfBreaks,2718549421,2014-08-09 03:34:12,,"Chicago, IL",,False,98,67440,314313,6816,10578
üá∫üá∏GK Josh Cohen starts for Maccabi Haifa against Red Star Belgrade in the #UEFA Champions League playoff round of qualifying. #MaccabiHaifa https://t.co/oUFKEY9eJu,1559978872233492483,DanielKarell,1041631087,2012-12-28 07:52:03,,"Louisville, KY",,False,77,294321,75568,2388,1656
The Lake Park Girls Golf Team gearing up for Glow Golf this Friday @SaltCreekGolfWD teeing off at dusk!üåô Thank you to the Lake Park Athletic Boosters for the üçï! Thank you to the Lerario family for hosting! @LerarioMarcello gets the photo credit! https://t.co/JKtcpfmAQC,1560053549060481026,JHenHoopsGolf,1106270460,2013-01-20 13:43:42,,"Roselle, IL",,False,2,13210,6407,440,526
The most athletic 300lbs I‚Äôve ever seen live. https://t.co/Qc8RDHapkC,1560053522380783616,rjclifestyle,25640717,2009-03-21 04:42:23,,"hollywood,fl",,False,72,84116,133359,1571,1052
"Wishing a very happy birthday to our Head Coach and Athletic Director @Coach_Miller59! Thank you for all you do for your players, coaches, and the Marion community! Hope you had a great one today! https://t.co/rQW8BeE40L",1560053221674082304,MarionTx_FB,1129066974942846978,2019-05-16 16:51:58,,"Marion, TX",,False,1,374,452,361,286
Hear what the state of #FAMU Athletics is really like as the guys talk with FAMU's Interim Athletic Director and discuss whether the Rattlers can repeat as the top rated team on https://t.co/hYsuvO2iQw with @Stan_Becton. https://t.co/HspXOSSU45,1560053109111590912,MyBCSN1,1143567748993363969,2019-06-25 17:12:52,,"Atlanta, GA",,False,22,7895,6718,693,3635
Welcome to #BulldogCountry! We are pumped to have you join our Athletic Department! https://t.co/jDNO4QvXVa,1560053030732681217,UMD_Tennis,2233564616,2013-12-06 21:43:27,,"Duluth, MN",,False,11,679,579,84,331
Is there a more athletic pound for pound person than Vince Wilfork in sports history? https://t.co/qR3dEjw29Z,1560052845369589761,jackfitzgerald_,1654349233,2013-08-08 01:58:41,,"Johnstown, NY",,False,1,100423,24039,1665,1539
"Still unlikely, but what a disaster this would be for UCLA. The B1G would immediately replace them with Stanford,  and instead of a financial boom, they‚Äôd get saddled with even LESS athletic money in a reduced P12. https://t.co/8GvcYq15Mq",1560052758580826112,Conferenceof12,771882966704353280,2016-09-03 01:30:14,,"Salt Lake City, UT",,False,2,10272,8604,646,654
"Gerald Green - Top 5 Dunk of All Time? #geraldgreen #nba #basketball #alleyoop #windmill #legend #dunk #highlight #crazy #amazing #hops #air #reel #reels #reelsinstagram #letsgo #insane #jump #nets #assist #score #aw #athletic #whoa
https://t.co/vAXwaQMTez",1560052560911810560,hekbeatsboy,3038539771,2015-02-23 21:25:30,,"Houston, TX",,False,1,7520,8122,715,1080
You can find out scores of all our Varsity Mustang athletic events by checking this site. https://t.co/FsdaDCIlC1 @wcsSSMS https://t.co/VMjR4jcqJ0,1560052487935107072,wcsSSMSAH,3413485582,2015-08-10 19:54:46,,"Spring Hill, TN",,False,6,3270,3177,328,549
Check out this listing I just added to my #Poshmark closet: Levi Strauss Mens Jeans Size 32x30 Signature S67 Athletic. https://t.co/uzkWPb48gd #shopmycloset @poshmarkapp,1560052317755359232,Thriftology_VB,1302380893722550272,2020-09-05 22:59:45,,"Vero Beach, FL",,False,0,11,29801,295,345
"A refined pass-rusher who wins with his pass-rush technique. Athletic, explosive &amp; fast while flexible off the edge.

 ‚Ä¢ @OchaunDevon
‚Ä¢ 6‚Äô5 / 260 lbs
‚Ä¢ @HuskerFBNation 
‚Ä¢ EDGE

#GBR üòé #WAMM 

#ItsFunBeingFast | https://t.co/VNChITTjqA
https://t.co/otSE0LTMcX",1560052227468836864,ChuxSpeed,756626175208939524,2016-07-22 23:05:12,,"Austin, TX",,False,12,32316,18388,1441,4960
"Meet the Skeeters Athletic Event!
Highlighting our Skeeter Nation teams and organizations.
@SkeetersAP @DemarcusHarri01 @CoachKBaker41 @MesquiteHS @mesquiteisdtx https://t.co/6pu64xxmE1",1560052070589366272,thatley1908,3177309607,2015-04-27 02:02:55,,"Dallas, TX",,False,1,4668,1846,395,184
"1 Day until‚ú®WELCOME DAY‚ú®

We are excited to WELCOME our 20 athletic programs and kickstart the yearüî• Are you ready‚ÅâÔ∏è

#WelcomeDay2022
@SJDCTrack_Field @SJDCBasketball @SJDCBaseball  @polo_delta @DeltaWBBall @SJDCFootball @DsquadWSOC @dcvolleyball209  @DeltaATCs @SJDeltaCollege https://t.co/YLZh7W5QEd",1560052016184823808,SJDCAthletics,499437050,2012-02-22 03:46:14,,"Stockton, CA",,False,4,1025,5231,119,1852
Our Freshmen and Sophomores had a great workshop with our school‚Äôs Athletic Counselors tonight in the Fieldhouse‚ÄºÔ∏èüîª #100StrongAsOne https://t.co/OSKNg0tt30,1560052001760845827,_SCFootball,1368912959565598726,2021-03-08 13:14:31,,"Springfield, MA",,False,5,603,1084,631,5053
It‚Äôs unfortunate that the crab walk isn‚Äôt continued in middle school and into adulthood because it serves as an effective exercise to improve many elements of athletic development &amp; coordination. https://t.co/Gwvl7qeeGn via @SimpliFaster,1560051441154260994,YorkStrength17,2533879322,2014-05-30 02:05:16,,monroe nc ,,False,72,66557,28494,6696,11025
".@GreeleySports hosting a ""Meet the Athletic Department"" webinar to get #WeAreChappaqua ready for the Fall 2022 season, which starts Monday. https://t.co/Q3oEa0ordD",1560051202183888897,chappaqua_csd,930541923403788291,2017-11-14 21:04:17,,"Chappaqua, NY",,False,8,189,1397,326,1740
"I am so excited to announce I have verbally committed to further my academic and athletic career to play D1 softball at Stonehill College. Thank you to all my family, coaches, and friends for helping me get where I am todayüíú @CoachAli_SCSB  @Stonehillsball @AZStormWestover https://t.co/sHunT9pp2I",1560051028107505664,haleighreed30,1401241494132953088,2021-06-05 18:16:28,,"Mesa, AZ",,False,0,281,52,156,71
Our @HiltonSPbooster Exec Board getting their L2 food handler certification. Thanks for your commitment to our student athletes. Excited to serve food this fall at our athletic events. #ImpactPlayers  #GoCadets https://t.co/ENvcYJJ5nj,1560050827556954112,HiltonCadets,2194520618,2013-11-14 16:52:47,,"Hilton, NY",,False,30,1,39173,147,3714
"I've always enjoyed commitment/college signing stories, so it makes me happy my first published story for The Forum is exactly that! It's always cool to see student athletes continue their academic and athletic careers like Sheyenne senior Tierney Howell. https://t.co/bVIuqiLTUw",1560050677543575552,To2D_Rose,2344519166,2014-02-15 04:06:39,,"West Fargo, ND",,False,7,10135,6636,1096,232
So proud and excited for Jaden and to see him continue on his academic and athletic journey! https://t.co/F015JAzubV,1560050649877938179,mark_lenehan,243420960,2011-01-27 00:40:44,,"Brockton, MA",,False,2,4829,2345,666,231
"For the first time since 2011, Doug &amp; Mays will face each other this Saturday at 7pm, Lakewood Stadium üíôüíõüñ§üíõ
 
Click the link below to read more about which bags are permissible at APS athletic events‚ÄºÔ∏è

https://t.co/tIuamj65ru @DrWilkinsBEMHS @APSMaysRaiders  @drkalag https://t.co/hWVIoyQ7Po",1560050641875132418,aps_strozay,781859644948017156,2016-09-30 14:14:00,,"Atlanta, GA",,False,2,4072,1382,485,554
"Im excited to announce my commitment to Wharton County Junior College to continue my academic and athletic career. I would like to Thank my Family,and God for the support and guidance to my decisionüôèüèæ #LFGPioneers https://t.co/K1qoPgjq5G",1560050639895515138,EncaladaEmirJr,1010554822704197632,2018-06-23 16:06:59,,"Laredo, TX",,False,0,1994,68,295,130
U of Miami Hecht Athletic Center at sunset and it's 91.7 F. https://t.co/tLbQPh1YfU,1560050587395395585,UMAthleticsWx,3762594329,2015-09-24 18:00:16,,"Miami, FL",,False,4,0,26288,2,34
"Just more BS govt red tape!  Such #FUBAR

UCLA has major debts, that will be paid off by going to the Big 10!

Cal has major athletic dept debts, that CA taxpayers will soon have to cover!  Terrible decision by the Cal AD &amp; admin to redo their stadium! https://t.co/Mn7MAVahnL",1560050219793821696,LAWomensHoops,121257530,2010-03-08 23:20:49,,Los Angeles,,False,25,6230,50371,3154,1597
"What better way to welcome back our student-athletes than competitive rounds of laser tag?? We‚Äôre excited to have our athletes back on campus and look forward to the upcoming athletic year!
#OneBlood #GoBC https://t.co/YUcmYWnmgz",1560050116974841864,Berea_Athletics,364909899,2011-08-30 15:09:01,,"Berea, Kentucky",,False,14,636,3536,76,1575
@CollinSexton02 rated number 3..,1560049546901741569,wear_athletic,1071556625348071424,2018-12-09 00:06:22,,Ohio/Texas/Arizona,,False,5,130,32116,1704,324
Proud to announce that I will be furthering my academic and athletic career playing Division 1 baseball at the College of Holy Cross. I want to especially thank God for the opportunity along with my family and @s_sharf for everything they have done for me in this process. https://t.co/6Vzq8e4yKI,1560049476882112517,HarnischNick,1315448353631723525,2020-10-12 00:25:35,,"Colts Neck, NJ",,False,0,35,18,71,66
"Beta! Weak beta male, not a man! Never will be! What an awful shame.

Yo dummy, you got invited to a 'Fantasy Athletic Female Showers after a Win' situation.

THAT'S WHAT BONERS ARE FOR!!! WHERE'S YOUR FATHER SO I CAN SLAP HIM?! PU**Y! https://t.co/CBwY19SdhR",1560049107888181250,DaytonaFalls,125101046,2010-03-21 17:56:42,,Daytona Beach,,False,2,42068,16847,1056,547
"Shoutout to all of our fabulous head coaches at PHS, we appreciate all the hard work you put it to make our athletic department what it is!! https://t.co/bxq7Q6rRCX",1560048470148497409,PaetowSportsMed,840226309963943936,2017-03-10 15:42:17,,"Katy, TX",,False,3,2048,748,255,657
"The 2022 edition of the ""Milk Jug"" game T-shirts will be on sale in the NP Athletic Office beginning Thursday.¬† Shirts are $15 and can be purchased¬†with cash or check.
Sizes from small to XXL are available, but supplies and sizes are limited!",1560048350015127553,nphs_athletics,892767316383080448,2017-08-02 15:21:29,,"New Carlisle, IN",,False,8,3243,5731,125,685
fuck i need that telfar athletic wear.,1560047950247743488,dickadillas,860223956888023041,2017-05-04 20:05:48,,United States,,False,3,5849,8370,428,2728
If you would like to support Tristan and the UWF XC team donations can be made through the link below.  Please put Tristan‚Äôs name in comments field.üíöüíôhttps://t.co/I5o43wQWkk,1560047875740033028,WoodsJennifer16,4857559048,2016-01-28 15:05:00,,"Lecanto, FL",,False,2,1282,143,212,201
"Heart Keeper is a single dad, surprise pregnancy workplace romance that will have you swooning right into the back of your net!  #AuthorsUpliftingAuthors #SportsRomance #NewRelease https://t.co/MtyOLvDw74 https://t.co/NOWxfhGMeQ",1560047828478599168,LaralynDoran,852309491777503233,2017-04-12 23:56:32,,"Maryland, USA",,False,9,3767,3675,1337,720
WHITIN Women‚Äôs Outdoor Athletic Sandals with Adjustable Hooks as low as $10 at Amazon (reg. $39.99; SAVE 7 https://t.co/LKJc1LAO0L #coupon,1560047425200525312,CouponaholicNet,417547186,2011-11-21 02:44:04,,"St. Petersburg, FL",,False,47,3,193945,938,2314
"Ya'll gotta give these guys a listen! You're gonna love the format, and you definitely have an hour while watching the Houston Dash take on Gotham FC at PNC Stadium (or while tuning into the FIFA live stream at 7:30pm). #HoldItDown https://t.co/PSyHiY7JKi",1560052881440522241,GenOrangeRadio,996142704202584064,2018-05-14 21:38:22,,"Houston, TX",,False,26,3011,9440,836,912
Gotta FIFA 23 Closed beta key will be streaming on twitch https://t.co/ZuEPNd9siF,1560052276252872704,iTz_T22,355303442,2011-08-15 04:20:42,,TX / IL,,False,1,137885,24836,604,348
Need a FIFA 23 beta code if anyone has one,1560052082165563392,CFCNJD,1315758118802989057,2020-10-12 20:56:03,,"Newark, NJ",,False,1,13918,7620,456,252
Check out my broadcast from my PlayStation 4! #PS4live (FIFA 22)  live at https://t.co/HyrLdtZXLs,1560049032973750273,wildcat44903,48408646,2009-06-18 16:46:37,,"Mansfield, OH",,False,4,2381,2406,1446,261
"I'm ""FIFA"", üá≤üáΩto the world. üåéüåç",1560047697297539074,Bruce51863247,942582886032605184,2017-12-18 02:30:47,,"Midland, TX",,False,3,13760,18231,4696,450
"211  FIFA 3-Letter Country Codes exist. Very rare. üëÄ 

But only 32 teams are allowed to compete for the World Cup. ‚öΩÔ∏èüèÜ 

Whats your favorite team? ü§© 

#FIFA22 #FIFA23 #WorldcupQatar2022 #ensdomains",1560046718405705731,eggs_eth,1248618400097550336,2020-04-10 14:27:22,,United States,,False,20,17986,2441,1941,2048
Check out my broadcast from my PlayStation 4! #PS4live (FIFA 22)  live at https://t.co/eCFjey2gLt,1560046065860083718,GillBabyJesus,351947565,2011-08-09 23:10:17,,"Brooklyn, NY",,False,6,19962,15142,403,338
"üö®üö®| FC Barcelona's relationship with Leo Messi is now ‚Äòmuch better‚Äô, it is very likely that he returns.
@fbtmedia
[espn] [üéñÔ∏è] https://t.co/plTKeaOMOt",1559954240184848384,cBarcaFC,1559909373354594304,2022-08-17 14:26:09,,"California, USA",,False,0,48,17,92,1
"Advice to young professionals in athletics: you can be liked and cool with your student-athletes while still maintaining professional boundaries. Blurring those lines is dangerous because the students may not have much to lose, but you could ruin your career.",1560053658900992006,HaleyFaulknerLS,1317151448996655104,2020-10-16 17:12:43,,"Athens, GA",,False,0,520,362,235,155
Great opening Day of Camp today! Thanks to @TipoftheSpearFB for coming by to work with our guys! https://t.co/DHeVrbayj8,1560053583181225985,HTHS_Athletics,823616995,2012-09-14 16:54:18,,"Hicksville, NY",,False,7,53,6359,40,1649
"Still time to register! 

Fish Fry after the event as well so come hungry! 

https://t.co/yet2rkadAe https://t.co/ODDW76toum",1560053375932268580,PhillyDetes,403861775,2011-11-03 03:08:00,,"Columbia, South Carolina",,False,6,7156,6435,1126,1091
New Story: Varsity Golf beats Lowellville Local 178 - 233 https://t.co/siEGQ0jMwk,1560053288036233216,JM_Athletics,1248453552470544385,2020-04-10 03:31:43,,"North Jackson, OH",,False,1,0,1032,32,151
Every day I think that the Yankees will stop playing like the Oakland Athletics but they just don‚Äôt.,1560053199347892225,PlayoffJudge99,1513160696573403138,2022-04-10 14:23:29,,"Bronx, NY",,False,3,2841,10376,1043,641
Mother nature will not allow the #EWUWSOC match vs. @jacksonville_fc to continue as lightning in the area has cancelled the match just six minutes into the first half. #TigerPride!üêÖ‚öΩÔ∏è https://t.co/RhA91zA8sR,1560053124173381632,EWU_Athletics,3430197299,2015-08-18 17:30:53,,"Jacksonville, FL",,False,15,2900,7978,1324,6063
Hear what the state of #FAMU Athletics is really like as the guys talk with FAMU's Interim Athletic Director and discuss whether the Rattlers can repeat as the top rated team on https://t.co/hYsuvO2iQw with @Stan_Becton. https://t.co/HspXOSSU45,1560053109111590912,MyBCSN1,1143567748993363969,2019-06-25 17:12:52,,"Atlanta, GA",,False,22,7895,6718,693,3635
"Check out the most recent edition of The Inside Scoop podcast. It's focused on sports in Cobb Schools and features Cobb's own Director of Athletics, Don Baker!
@CobbSchools @CCSD_AD 
https://t.co/ns7Z1zs4Xk",1560052937908490240,cobb_sports,1167493090313003008,2019-08-30 17:43:45,,"Marietta, GA",,False,3,41,712,18,1212
Meet the Panthers tomorrow night ! Be sure to come ans support your East High Athletics! Let the hype start now! https://t.co/N6cQoUmcnn,1560052793200844801,EASTLadyPanther,1556381519173787648,2022-08-07 20:49:22,,"Harrisburg, PA",,False,0,5,12,69,13
"Alabama Football Fall Camp Practice 8.17.22

üìΩÔ∏è:
@UA_Athletics https://t.co/XUOH9OPJ6a",1560052629035794435,GoatHouseBama,1216976942,2013-02-25 01:29:02,,"Tuscaloosa, AL",,False,339,3255,3598,337,92898
"FINAL: Varsity #MVsoftball (5-1) def. Commerce High School on the road 8-4! Grace Westmoreland and Reagan Hickey 3 RBI each! Reagan with two (YES, TWO) home runs! WP: Westmoreland (2-1) with 11 strikeouts and 1 walk! #MVathletics #ImAMustang #LetsDoThis @TheMVSchool https://t.co/bIRNSVUQk8",1560052462467309570,MV_Athletics,1628269147,2013-07-28 16:32:13,,"Atlanta, GA",,False,9,3210,8194,40,1453
SKG Football Coach‚Äôs Chronicles updated link: https://t.co/g9gx2txf7j @SKG_Football @SKG_Baseball @SKG_TheShadow @SKG_Athletics @SKG_Principal #SKG #Serve #Build,1560052323237371904,CoachHill_SKG,299258805,2011-05-15 19:28:33,,"Buford, GA",,False,16,2343,4006,1337,2423
New Story: Boys Varsity Tennis falls to Lewis Cass 4 - 1 https://t.co/zmAErTo24P,1560052197831745536,Berry_Athletics,2677364550,2014-07-24 15:38:31,,Logansport IN,,False,19,3552,10851,131,3031
"SOC: just over 30 minutes to go, Fruitport and Mona Shores deadlocked in a good one. 0-0",1560051932881903616,FCS_Athletics,38486502,2009-05-07 18:30:52,,"Fruitport, Michigan",,False,6,1623,3302,196,511
Planning our @Warhawks_WCHS Fall Pep Rally with our Senior Leaders! Looking forward to a fun Friday! @hawksnest2023 @jnjmcswords @WCHS_Smith @EricNickel1 #risetogetherwarhawks @porrettm @Athletics_WCHS @NBC4FFN @WCHSBandBooster https://t.co/ngSHs0h22S,1560051869728350209,dsayre32,272462043,2011-03-26 15:22:02,,"Columbus, OH",,False,29,17919,3902,2236,1962
Ready to start year 4 at UWF Athletics thanks to my trusted coffee https://t.co/MgYePCjqk8,1560051855673081856,jbuhls10,736999598611255296,2016-05-29 19:16:11,,"Ferry Pass, FL",,False,3,9713,2785,260,196
Just posted a photo https://t.co/rw1Y2cDUzq,1560051843706884097,mlsd_athletics,2766672578,2014-08-25 15:12:07,,"Manchester, OH",,False,5,12,2323,0,401
New Story:  https://t.co/6UU3ocZ8lD,1560051740417765376,nphs_athletics,892767316383080448,2017-08-02 15:21:29,,"New Carlisle, IN",,False,8,3243,5731,125,685
"The Starting XII for todays match vs Everett! 

Stream Link: https://t.co/k12M8kyPw9

#TheClipperNation https://t.co/6TVnte1m58",1560051739742584833,spscc_athletics,26681923,2009-03-26 03:46:01,,Olympia WA,,False,13,640,2131,221,619
@KleinschmidtJD Please help me understand the state and future of @Athletics?,1560051625997189120,darrinwolfe,437933068,2011-12-16 00:42:42,,"Hollister, CA",,False,1,2152,187,350,21
"Athletics: Over 60,000 participants return to Sydney, Australia for City2Surf, the world‚Äôs largest fun run https://t.co/eXocKviXu5 https://t.co/BHe4FEnNSc",1560051579151175681,runnersweb,30761455,2009-04-13 00:36:46,,"Ottawa, Ontario",,False,65,22297,55297,497,1189
@lets_go_motors would like to congratulate our very own @trackh1wk on starting his next chapter of life in college at @stedwardsu @seuxctf #Trackhawk #LetsGo @ St. Edward's University Athletics https://t.co/cuduTdq4sV,1560051176502169601,TOELETSGO,28590614,2009-04-03 15:55:27,,"New Orleans, LA",,False,6,1231,9839,1027,1543
"Setting the stage for tomorrow's match against No. 5‚É£ Santa Clara with @tina_estrada6 

üéüÔ∏è: https://t.co/RF0zh1UOIG

#AllSpartans https://t.co/8bkJ7fkubF",1560051085175189505,sjsusoccer,2774041405,2014-08-27 17:51:13,,"San Jose, CA",,False,34,2195,3038,348,2138
"What an awesome opportunity to spend a year working with the Pitt Sports Med Team. 

Join us! Our ATs, PTs, docs and students learn from and collaborate with each other, day in and day out, caring for the @Pitt_ATHLETICS Panthers! #H2P https://t.co/wjSUAvTwti",1560050902744137733,jenmverb,940428409821384704,2017-12-12 03:49:40,,"Pittsburgh, PA",,False,2,17416,1415,713,396
BAM-  Lesson                             Create memories and life lessons through high school athletics.        #Characterwins https://t.co/uY0Dwfe1pH,1560050900084875264,Broome_Football,3364954827,2015-07-07 23:45:03,,"Spartanburg, SC",,False,10,9869,5983,1373,1461
This should be amended to college athletics support staff in a nutshell. Senior admin and head coaches get plenty of raises for relatively little. https://t.co/6Ks9yVL90v,1560050802491699200,CalebDunlop13,280357093,2011-04-11 05:22:39,,"Ellensburg, WA",,False,9,42738,15646,816,411
"It's kickoff time this week! Here are breakdowns of the teams around town:

Lake Norman looks to elevate in Greater Metro with experienced lineup. @TheLake_FB @LNHS_Athletics 

https://t.co/JYbsf5Oz05 https://t.co/t5U3asb0jV",1560050737685610497,MooresvilleNow,269622769,2011-03-21 04:23:23,,"Mooresville, N.C.",,False,22,62,1776,156,1835
The @SFCCNM Postgame Interview with @SFHSDemonsAthl1 Goalkeeper Molly Wissman! @KSWVradio @SFPS_ATHLETICS @AdamDiehl15 @baronabeyta https://t.co/NLH25KwYq9,1560050678164103168,SportsPrimo,1222848884,2013-02-26 20:02:09,,"Santa Fe, NM",,False,5,1787,4537,216,2041
"A major thank you to our @ucr_athletics family Coach @SLeBeauf, our guest speaker for taking the time to come in and speak to the team about Servant Leadership!

A message to remember. Thanks again for investing in us Coach! #TogetherBelieveCompete #GoHighlandersüíôüíõ #UCR üèê https://t.co/g9jUTC5O8L",1560050589530193921,UCRVolleyball,323287166,2011-06-24 15:37:27,,"Riverside, CA",,False,25,215,1244,73,1143
"Cedar Springs - 0
Forest Hills Central - 0

Halftime 

@FHCMensSoccer @fhcsportsreport @MHSAA @MLiveSports @FOX17Blitz https://t.co/e8eX3sQyfN",1560050215926775820,cedar_athletics,745370667638370304,2016-06-21 21:39:50,,"Cedar Springs, MI",,False,7,194,1177,86,518
Harris-Stowe Claims Second in Women‚Äôs Soccer Preseason Coaches‚Äô Poll https://t.co/sDTO56dNVl,1560050158418776065,HSSU_Athletics,709484219622301696,2016-03-14 20:59:54,,"St. Louis, MO",,False,7,2221,4129,390,1293
"What better way to welcome back our student-athletes than competitive rounds of laser tag?? We‚Äôre excited to have our athletes back on campus and look forward to the upcoming athletic year!
#OneBlood #GoBC https://t.co/YUcmYWnmgz",1560050116974841864,Berea_Athletics,364909899,2011-08-30 15:09:01,,"Berea, Kentucky",,False,14,636,3536,76,1575
@MartinJarmond you should be clear with the regents that donors will stop donations and lead a campaign against donating if the regents act in such a manner that ucla athletics cannot act in its best interests to flourish. We support ucla athletics not UC System or north campus!,1560050009977921538,socalsuperagent,1328249720301445120,2020-11-16 08:13:18,,"California, USA",,False,0,7622,2486,872,44
My guy working hard as usual ü§çü§ûüèΩ@BDRoberts20 @MLCTitanCoach @MLCHS_Athletics https://t.co/DG0sNVdL4b,1560049523703136257,KenyonGoodin,1326331452548636673,2020-11-11 01:11:06,,"Shelbyville, KY",,False,4,1552,359,1718,618
@WDWarriorVb takes first set over @brvathletics 25-15.,1560049360473391104,WD_Athletics,969037453,2012-11-25 00:00:23,,"Gaston, Indiana",,False,24,2180,19773,153,1805
"5/23/1978   Fall Classic Baseball

Mitchell Page fell a triple short of a cycle, and drove in 3 runs in OAK's 11-6 win over MIL

@Brewers (21-15)      6  13  2
@Athletics (18-21)   11  14  0

HR- Oglivie(7), Page(4), Newman(1)

WP- Keough (2-3-4.48)
LP- Augustine (4-5-5.52) https://t.co/egvv6ursSS",1560049352130928642,o_replays,1244765914949726209,2020-03-30 23:18:38,,"Nashville, TN",,False,6,1283,1170,167,400
Daily Courier: Falcons look to continue upward climb https://t.co/F499GNiGf1 https://t.co/yFScA5P9zh,1560049259751276547,CASD_Athletics,796533931365515264,2016-11-10 02:04:22,,"Connellsville, PA",,False,5,1533,2489,158,1134
Updated 2022 season schedules for Men‚Äôs &amp; Women‚Äôs soccer teams #VamosCrush https://t.co/grc6EB9MP5,1560049115001565184,Crush_Athletics,958119883975270402,2018-01-29 23:29:16,,"Fresno, CA",,False,1,1126,1093,138,238
"Women‚Äôs Soccer Opens 2022 Campaign Hosting Youngstown State

üì∞ https://t.co/bIn4atholj

üÜö YSU
üìç FirstEnergy Stadium
üìÖ Aug. 18
‚åöÔ∏è 7 PM
üìä https://t.co/EZMzGT1PcL
üì∫ https://t.co/ILrgzdDgLB
üéü https://t.co/aP6r6CVjjj https://t.co/ahOMQJMiNW",1560048987155177481,ZipsWSOC,349060308,2011-08-05 13:40:12,,"Akron, Ohio",,False,45,378,5277,476,3162
"üî• ¬ª HS Football  LIVE‚ñ∂Ô∏è 2022
üèà ¬ª Hapeville Charter üÜö Newton
üìÖ ¬ª Aug 18 2022
üé• ¬ª https://t.co/awdBAc0Vmc
‚è∞ ¬ª 7:30p.
@HCCA_Athletics @TheHCCAHornets @CoachCWalk7 @Newton_High @AthleticsNewton https://t.co/5xSr5UaJUV",1560048914631651329,ophtic,939406758308593664,2017-12-09 08:09:59,,United States,,False,0,0,316,213,360
Congratulations to the https://t.co/betuTZx54N Sports Primo Player of the Game @SFHSDemonsAthl1 Goalkeeper Molly Wissman! #staystrongstayhealthystayuptodate @KSWVradio @AdamDiehl15 @baronabeyta @SFPS_ATHLETICS https://t.co/jubAwsLfdx,1560048441954144256,SportsPrimo,1222848884,2013-02-26 20:02:09,,"Santa Fe, NM",,False,5,1787,4537,216,2041
"The 2022 edition of the ""Milk Jug"" game T-shirts will be on sale in the NP Athletic Office beginning Thursday.¬† Shirts are $15 and can be purchased¬†with cash or check.
Sizes from small to XXL are available, but supplies and sizes are limited!",1560048350015127553,nphs_athletics,892767316383080448,2017-08-02 15:21:29,,"New Carlisle, IN",,False,8,3243,5731,125,685
"bringing athletics to y00topia‚Ä¶

@y00tletics https://t.co/5h2lRw3pxV",1560048206494384128,iszorNFT,1548501225657622528,2022-07-17 02:54:27,,Solana Springs,,False,0,17,33,24,47
Tonight‚Äôs Athletics-Rangers game questions: will Rangers‚Äô pitching hold the Athletics to less than .215 batting average? Will the Rangers score more than 4 runs? Will there be more than 9 total runs scored? Your thoughts?,1560048062034284547,NiceLookGregory,1359967326863462400,2021-02-11 20:47:43,,"Dallas, TX",,False,0,167,3997,585,36
"Join us for an awesome day of golf at the Inaugural Hermits Athletics Golf Tournament. Come out and support your Hermits Ice Hockey team as well as all of our other sports teams #HermitPride

Link to sign up: https://t.co/Fds6579y8G https://t.co/6n84FnNe9D",1560047952357367815,Hermits_Hockey,3432114341,2015-08-19 22:39:04,,"Richland, NJ",,False,1,29,73,12,132
Able to check out the @GCCougars soccer team @RHS_Athletics tonight! https://t.co/7ezbXHYZBD,1560047925442613249,GCJHCougars,1141877693765562369,2019-06-21 01:17:12,,"Indianapolis, IN",,False,0,1180,436,686,208
I don't coach track. I coach athletics.,1560047813311926277,ahCoachJiles,1407834844088963074,2021-06-23 22:56:17,,"Kansas City, MO",,False,0,965,399,242,70
"What's #Best on https://t.co/DqF6GB2Vbh ?
Real Madrid C.F.
https://t.co/Nnq3ZYtdRh
#foot #ballondor #foot #bestfoot #realmadridcf #real #madrid #sports",1558559149977395202,whatisbestnow,1112875661138579456,2019-04-02 00:33:28,,"Los Angeles, CA",,False,5,130800,194604,3,228
"La Liga prediction: Valencia CF CAMPEONES!!!! 

Or more like 9th. Meh. 

You know one of Real Madrid or Barcelona will win the league. There. Enjoy. #LaLiga",1558210012744384513,amunti,7157832,2007-06-29 18:37:41,,"New York, NY",,False,51,26665,37641,2970,1734
"18 year old Guillermo Ruiz üß§ A US dual national GK who just signed a 4 year deal for Real Madrid from Spanish club Murica CF ‚úçüèºüá∫üá∏

 He has previously played with Lonestar SC in Texas and will be playing for the Real Madrid C team this season üî• https://t.co/m9np9ka5nC",1557960400095744000,ussoccerplus_,1476166332286525442,2021-12-29 12:21:08,,United States,,False,4,9,138,2545,731
"NFT &amp; CRYPTO TRADEMARK SURGE
Spanish football club giants, FC Barcelona and Real Madrid CF have filed for a joint cryptocurrency and metaverse trademark application. Engaging with fans by locking them in with your own branded digital trading currencies looks to be the next growth https://t.co/oGK2HcdWdt",1557913801353469952,TrademarkVI,1549353752,2013-06-26 23:47:05,,Melbourne,,False,3,35,446,604,262
"What's #Best on https://t.co/Q5u4wVAkic ?
Real Madrid C.F.
https://t.co/tHp0nF8M9f
#football #champion5 #football #bestfootball #realmadridcf #real #madrid #sports",1557847674132791296,whatisbestnow,1112875661138579456,2019-04-02 00:33:28,,"Los Angeles, CA",,False,5,130800,194604,3,228
"Luka Modric, Casemiro and Toni Kroos of Real Madrid celebrate with the UEFA Super Cup trophy after their sides victory during the UEFA Super Cup Final 2022 between Real Madrid CF and Eintracht Frankfurt at Helsinki Olympic Stadium in Helsinki, Finland,

https://t.co/Yy39ZS9Zgr https://t.co/jIrvhLsvnG",1557607996267663361,izzorv6,219254618,2010-11-24 10:43:17,,Melbourne fl,,False,0,5,20319,68,55
"At the Helinski Olympic Stadium!, Real Madrid CF faces SG Eintracht Frankfurt in the battle for the UEFA Super Cup!

Who will win?

Join our discord: https://t.co/GnMXq74kRw

#RMAFRA | #RMASGE | #RM | #RMCF | #SGE | #EintrachtFrankfurt | #RealMadrid | #UEFASupercup | #UEFA https://t.co/5beVcFLnWN",1557441470646337536,footballivity,1487723754402856966,2022-01-30 09:46:46,,United States,,False,1,915,804,4984,217
"LTEC Athlete #BaseBall 

#MLB ‚öæÔ∏è

Original #NFTs from (the now!) 40 time decorated music video:
‚ÄúLet Them Eat Cake (Official Video)‚Äù

 https://t.co/9tdTrqjaKv via @opensea",1560053745953767426,Earnest_Diaz,15511301,2008-07-21 06:08:21,,"H, TX",,False,26,25812,2736,4838,1591
"#LeagueWatchParty happening in a few minutes. Love the baseball, the friendships, the gay, the struggles, the joy. @LeagueOnPrime #ALeagueOfTheirOwn",1560053697987624961,Lowkey_Angsting,1461555556674592768,2021-11-19 04:44:23,,"Midwest, USA",,False,0,2747,790,471,106
Brett Bart currently has the best batting average in baseball in this moment in time. https://t.co/pWXLeJ4Okk,1560053688349114369,daphilosofizer,762223940,2012-08-16 19:58:11,,"Buffalo, NY",,False,7,11246,15196,1088,269
Liam is a solid add for TNXL this year. Has an excellent run tool and will be a solid utility player. https://t.co/w4r19OwODR,1560053660759080965,TNXL_Baseball,438567154,2011-12-16 18:59:46,,"Orlando, fl",,False,26,14535,15223,2007,4456
The Mets are the best team in baseball and are for sure winning the World Series this year. Nobody is beating Degrom and Scherzer in a 7 game series.   Hal should take notes on how uncle Stevie operates.,1560053652554977281,Joe_Esposito_,244230013,2011-01-28 20:55:31,,"Jersey City, NJ",,False,2,23088,14212,457,438
Lefty vs. Lefty Toledo Mudhens @ Columbus Clippers #AAA #Baseball #MiLB #MilitaryNight https://t.co/VDMwfz57qW,1560053635186311168,JamiePo70656092,1519456751770345472,2022-04-27 23:22:01,,"Pickerington, OH",,False,0,727,324,65,20
Phillies broadcast has funny response to Keith Hernandez jab https://t.co/0pOxPJc2X5,1560053619856052224,larrybrownsport,197528800,2010-10-01 18:59:26,,Los Angeles,,False,27,90,70497,14,698
Cool. 3 &amp; 3 against two of the worst teams in baseball https://t.co/dEUKzk6D9d,1560053581515997186,J_Quinn26,318778697,2011-06-17 01:28:24,,"Notre Dame, IN",,False,13,4919,9107,648,130
@JakeOdorizzi for the love of god retire. baseball is not for you.,1560053576810090496,DWSharpe_,3283533758,2015-07-18 16:20:12,,"Atlanta, GA",,False,6,187164,75874,1261,2108
"@DOBrienATL Is Odorizzi‚Äôs contract a pure 2023 player option, because according to Baseball Reference there is also a team buyout?",1560053570254225410,Lenneal,39625012,2009-05-12 23:19:05,,"Scottsdale, AZ",,False,4,6289,8366,1228,164
"Brett Baty who is wearing number 22. In a 2-0 game, in the 2nd inning, in the 2nd pitch of his at bat, hits a 2 run home run. 

How can you not be romantic about baseball? #LGM",1560053535240294401,Kemimets,1448084321806475271,2021-10-13 00:33:18,,"New York, NY",,False,0,537,112,151,51
Grind and let the baseball gods figure it out for you! https://t.co/iBblOVVBrR,1560053453417615360,EthanMelquist,1400793141737713670,2021-06-04 12:35:16,,"Las Vegas, NV",,False,0,1134,3140,4923,452
"People are either too hung up on homeruns or just flat out don't know shit about where Bogaerts stands with all the other SS in baseball offensively. He's top 5, pretty easily.",1560053431221493761,nysoxfan79,35484262,2009-04-26 15:14:58,,Syracuse,,False,30,16571,169962,2282,779
1st Day of the 2022-2023 school year is complete! The BCHS baseball coaching staff is looking forward to a great Fall/Winter of baseball! Time to compete in the off-season. #CultureChange #JACKETS,1560053429581512710,BessemerCityBSB,1435324007167922178,2021-09-07 19:28:30,,"Bessemer City, NC",,False,0,111,135,79,82
"It was today in 1920 when Ray Chapman, shortstop for the Cleveland Indians, became the only professional ballplayer to die from an on-field injury...
https://t.co/cimRqv4i6M",1560053401764990976,MagellanMusic,17883382,2008-12-04 23:36:02,,Oklahoma City,,False,8,63949,27728,321,201
How can you not be romantic about baseball! https://t.co/wYUw7berKO,1560053337835413505,mikenol1025,371508005,2011-09-11 00:30:38,,NY,,False,1,1120,3016,1165,926
Not surprised about the Yankees. The most overrated team in Baseball! https://t.co/1y5YrwVAmm,1560053328842608640,jimmyescobar3,33572530,2009-04-20 16:35:12,,Miami/LA ,,False,4,35177,13802,199,269
USA Baseball Swag‚Ä¶.Ready to compete tomorrow! https://t.co/JN6oVvMDsM,1560053319204216832,TavHiaring12,1556494755382509568,2022-08-08 04:17:47,,"Meridian, ID",,False,0,58,12,177,32
God Bless @StevenACohen2 !  It‚Äôs a new era of @Mets baseball and we couldn‚Äôt be more excited.  #LFGM #LGM,1560053289894481921,BrosBeerGuide,2191392144,2013-11-13 01:31:38,,USA & Worldwide ,,False,5,1001,1263,511,158
"BASEBALL: 

Auburn transfer Justin Kirby, coming to The Plains from Kent State, comes in at #70 after putting up a .323/.420/.646 line with 15 HRs &amp; 14 SBs in 2022. Has experience at all three outfield positions and first base, most experienced in right field. 

(cc: @si_auburn) https://t.co/15zh8w8x2r",1560053177164103682,CrosbyBaseball,1130832753229017089,2019-05-21 13:48:33,,"Auburn, AL",,False,18,3149,13374,402,1064
"Super-weird that a guy I covered when he was *a junior in high school* is now retired. I recall being told he was about 6'7"" (and still growing) and was hitting 88 on the radar gun. 

Either I've been working for a long time or baseball careers are really, really short. https://t.co/p12aBLcosV",1560053147263029248,pennyfore,344093827,2011-07-28 14:53:51,,"New York, NY",,False,12,6928,10660,455,265
"Guardians, Ramirez fostering baseball in Cleveland's largest Hispanic neighborhood https://t.co/c3MdSiqYfT",1560053124240445440,timgill924,2301677528,2014-01-20 16:35:38,,"Knoxville, TN",,False,140,87806,73498,3807,21350
"This past weekend the Malvern Prep and Malvern Prep Baseball community received sad news that former Head Coach (99-09), Teacher, and Alum, Mike Hickey, had passed away. We send our condolences and keep his family in our thoughts and prayers #RIPHick üôè

https://t.co/773JDqvUXz",1560053070528217088,MPFriarBaseball,1071493782,2013-01-08 17:33:07,,"Malvern, PA",,False,8,7336,4810,1668,2641
Congratulations to ‚Å¶@jack_bakus‚Å© and ‚Å¶@zackparker09‚Å© for being named to the American Legion World Series all tournament team!  ‚Å¶@Dowathletics‚Å© ‚Å¶@BerryhillP165‚Å©  https://t.co/LoREXivahP,1560053024843776000,BaseballDow,1378520511601328128,2021-04-04 01:31:45,,"Midland, MI",,False,1,132,251,50,139
"PV Sindhu pulls out of World Championships owing to stress,¬†fracture https://t.co/dORSsgRpxx",1559815415987142659,theindpanorama,797770519,2012-09-02 07:51:09,,"New York, USA",,False,61,49,23353,142,793
"1st 3 wks post TKR woke up most nights w/ pain. NORMAL. Kept consistent habits, bed only 4 sleep, minimal naps. Hit 3.5 weeks, BOOM, sleeping thru night again.  Behavioral strategies work. No meds needed! Even 4 women above a certain age üòâ (someone oughta tell Lindsey Vonn)",1559949866079502340,DrMShapiroIA,3226721463,2015-05-01 19:30:38,,"Grimes, IA",,False,25,14149,7797,577,1298
"‚ÄúWhen you fall, get right back up. Just keep going, keep pushing it.‚Äù ‚Äî Lindsey Vonn #BTSGuruInspireMe",1558938766223429633,BTSSportsGuru,1441684115351212041,2021-09-25 08:41:27,,"Miami, FL USA",,False,3,630,4577,5000,1356
"‚ÄúLife changes very quickly, in a very positive way, if you let it.‚Äù Lindsey Vonn

SFlendid NIGHT WITH KDLEX 

#ALEXAfabStarOnTheWarfield

#SFectacularNightWithKD

@alexailacad @kdestrada_",1558256584370933761,monett_nael,862475564,2012-10-05 03:53:04,,NJ,,False,0,9833,36917,1504,1152
"I never saw this covered on the @GolfChannel where hypocritical anchors talk about tiger upholding the purities and traditions of golf. This Catholic calls it pure adultry. 
https://t.co/Ly5pTgQfWd",1557697827563868161,digital_trav,2366118049,2014-02-28 21:26:06,,USA,,False,13,16196,59838,1689,678
"Get the Look: Lindsey Vonn at the 2022 ESPY's: Celebrity hairstylist and¬†Aquage¬†brand ambassador¬†Laura Polko shows her how-to at this year's Espy Awards, working on Alpine skier Lindsey Vonn. https://t.co/en11MpUOZn",1557397118989377536,ModernSalon,23993912,2009-03-12 18:01:51,,"Chicago, Illinois",,False,390,5906,15151,678,53663
"I wish I watched more basketball as a youth, spent my time watching the Knicks, should have watched other teams played more. and collected basketball cards",1560053822722134019,bblessmusic,117265850,2010-02-25 02:13:02,,New York,,False,11,11055,28121,4328,3356
This is why I am protesting the professional utah basketball team https://t.co/8HfHmhDpOd,1560053798009053184,Jeremy_Atkin69,2793541384,2014-09-30 04:05:50,,"Bluffdale, UT",,False,0,3472,1533,293,167
Blazers basketball‚Ä¶ üîúüëÄ #RipCity https://t.co/uZwQLSwrzx,1560053753860034560,brockdickerson0,1013471126507413504,2018-07-01 17:15:20,,"Indianapolis, IN",,False,4,18669,9432,393,276
Aubrey Plaza Played Rec League Basketball With Matt Gourley‚Äôs Wife | Conan O‚ÄôBrien Needs A¬†Friend https://t.co/2nuygsuCWP,1560053688873455616,medicinehelp,49404200,2009-06-21 19:35:30,,"Atlanta,GA",,False,53,1,1993489,1868,1411
"‚ÄúBasketball is a metaphor for life.‚Äù

- @dallasmavs GM Nico Harrison

#BSPNTX https://t.co/KKIQLZOscq",1560053579460878338,BSPNTX,1322109438136705024,2020-10-30 09:33:49,,"Dallas-Fort Worth, TX",,False,1,211,182,254,137
"End of Regulation. Tied at 56. Free basketball tonight for those in attendance.

3:00 to decide a Champion",1560053564239749121,Suttonhoops,164301532,2010-07-08 14:53:48,,"Sutton, MA",,False,0,2,209,0,105
"IT'S GOING TO BE EPIC üî•

Gary Payton II can't wait to play in Seattle in October -- and he shares why with @CoachKarl22  + @brettmgoldberg 

üîó: https://t.co/NvcUZWejsF https://t.co/hKZx1Fmwga",1560053518119346176,SeattleSonics,22183255,2009-02-27 20:08:16,,Seattle ,,False,199,5230,3473,206,32216
"It‚Äôs a great day!!! One of our former 4 year  player, @LiLMalmal52 (Jamal Garner) was selected as the Head Coach for Illinois School for the Deaf!!His student athletes will be so lucky to have a wonderful man teaching them about life and basketball!!!! Good luck Coach Garner!!!",1560053483654594567,GUCoachKovacs,3290283758,2015-07-24 15:57:20,,"Washington, DC",,False,9,1770,2444,393,787
a man in a basketball jersey unfortunately does it for me üò≠üò≠üò≠üò≠üò≠üò≠üò≠üò≠üò≠üò≠,1560053425299001344,hotboithai,1229162347517767681,2020-02-16 21:55:21,,"Sacramento, CA",,False,0,3455,5900,193,142
"We talk to our bestie Anna T (@tarullotweets) about UK football and basketball, shirt tags, hummus, and much more. The end of our 1st Colossal #Castoff.

https://t.co/xq5OSm1tju",1560053405103562754,KySportsGuys,2257043227,2013-12-21 23:25:15,,"Kentucky, USA",,False,18,27042,18767,666,1549
REVEALED: Insufferable Details from Inside the Russian Prison Where WNBA Star Brittney Griner Has Been Detained https://t.co/2Rk0jmHhKy,1560053219715416067,TatYan7777,1440561686264500229,2021-09-22 06:21:02,,"Miami, FL",,False,3,29477,7480,240,96
Albright Basketball Camp ‚Äò22 üèÄ https://t.co/o9dZpHeq1G,1560053180175712257,PressFastFwd,1559593816155357185,2022-08-16 17:32:17,,"Reading, PA",,False,0,27,10,13,2
Informative discussion today with a Div. II Basketball coach regarding their recruiting strategy and niche. #FloridaBasketballBulletin,1560053070750433281,tperkinsbball23,236160906,2011-01-09 23:25:08,,"Fort Myers, Florida",,False,21,7497,34611,7162,11591
@Ambrose_Mosley is the director of player personnel for the Eastern Kentucky University Colonels. https://t.co/imKXl86qeO #basketball #EasternKentuckyUniversity #EKUColonels #Richmond #Kentucky #ASUN #NCAADI #TheCannonNetwork https://t.co/ekHCjrnSnD,1560052870610882560,Cannon_Network,953114642615709696,2018-01-16 04:00:13,,"Palm Desert, California ",,False,3,1218,70371,3254,3515
"Breathe in
Breathe out 
Almost playoff time 

#naturephotography #wnbafan #phdlife #wnbaplayoffs #writerslife #basketball https://t.co/joo559nffi",1560052853674229760,JSumerau,1479053024,2013-06-03 07:00:45,,"Orlando, FL",,False,17,23777,14720,810,1356
"Update: I can absolutely throw a baseball better than I can shoot a basketball. üòÖ

He knew he could‚Äôve caught that tho. üôÑ And one thing about Aaliyah, she gonna root for me. üòÇ https://t.co/b1NLu7Dcas https://t.co/Nu9ZrX9ftI",1560052701634994178,SubriaWhitaker,184095603,2010-08-28 17:44:49,,"South Side, Chicago",,False,47,6855,88374,2026,5137
I love this game of basketball. #Grateful https://t.co/xutAsxRaS3,1560052649264906241,PropsByDom,1529112181593329668,2022-05-24 14:48:54,,"Wisconsin, USA",,False,2,668,736,767,920
Why do ppl think football &amp; basketball is the only ‚Äúdisciplined‚Äù sports‚Ä¶ like they can‚Äôt learn values from other sports‚Ä¶,1560052565483704322,LyssaWebb_,721059400,2013-10-18 17:07:16,,"Sloan, NY",,False,7,6294,101222,891,1542
"Gerald Green - Top 5 Dunk of All Time? #geraldgreen #nba #basketball #alleyoop #windmill #legend #dunk #highlight #crazy #amazing #hops #air #reel #reels #reelsinstagram #letsgo #insane #jump #nets #assist #score #aw #athletic #whoa
https://t.co/vAXwaQMTez",1560052560911810560,hekbeatsboy,3038539771,2015-02-23 21:25:30,,"Houston, TX",,False,1,7520,8122,715,1080
"getting back into my basketball obsession/education sooo @Cat_Marnell, fave book you‚Äôve read??",1560052550182780931,darbs1015,1090462040177733635,2019-01-30 04:09:44,,"Atlanta, GA",,False,0,26130,1627,324,35
"N8207T is circling over Ravensdale at 2050 feet, speed 84 MPH, 0.4 miles from Basketball Park https://t.co/J8lj6REh5c https://t.co/GSTUlV3jNA",1560052192412807173,SkyCircleSEATAC,1472731325308096512,2021-12-20 00:51:57,,"Seattle, WA",,False,6,0,5655,0,151
"Special! Couldn‚Äôt happen to a better kid! @NEBscottp @JSully12 

#rollNEB #TheBestPlayHere https://t.co/zmhX3CxPeG",1560053126287220737,NorthEast_BBall,756711408092479492,2016-07-23 04:43:53,,"256 Ayer Road, Harvard, Ma",,False,8,5935,8256,1612,4873
Unbelievable.......@JSully12 @baty_brett remind me of some at bats at lakepoint lol....@NorthEast_BBall https://t.co/IS3eAyVec9,1560052034451259392,NEBscottp,197300088,2010-10-01 03:51:54,,Boston,,False,18,14451,9819,1401,3433
"I would like to thank @FcsGbb 
2026 @Maya_sports5 &amp; @Lady_Mavs_Bball 27‚Äô CG @lillie_graves12 for getting in the gym w/me &amp; putting in some really good work.  I Appreciate the commitment to get better! https://t.co/6eSaHEh7BA",1560046752467767296,INBestBBall,2960921980,2015-01-04 20:40:23,,"Lafayette, Indiana",,False,7,8896,3503,2278,2120
"üö® HS football Live 2022
üèà Palmetto üÜö Cardinal Gibbons
üìÖ August 18 @ 6p.
üé• https://t.co/BSSyHIF6ib üèÜ
Like,followw and share !!!
@PalmettoHigh @PalmettoFBall @PalmettoTigerHS @CGHS_BBALL @FootballGibbons @CGHSChiefs @CGHSFL https://t.co/1xCmKwyLXI",1560046702970937344,fox_football1,2362056666,2014-02-26 03:34:32,,USA,,False,0,108,18,61,166
"üî•AAU Season Rewind: Legends U vs. Southwest Elite Game Recap &amp; Standout Playersüî•

‚õπÔ∏è‚Äç‚ôÄÔ∏è @DavisTwins123 @MykaylaCunning2 @2023Carli @Legends_Bball @SW_Elite_ &amp; more! 

https://t.co/7c7wXZcSVN",1560038765812391938,jrallstarOH,1306739889963180032,2020-09-17 23:40:50,,"Ohio, USA",,False,0,152,349,530,519
The best üé• of my #aau summer #basketball üèÄ game ‚¨ÜÔ∏è @simplyy_bball @westcoastpreps_ @NBNMagazine @RonMFlores @Trigonis30 @FrankieBur @gerryfreitas @PrepHoops @NorCalPreps @wrightsbball @TopPreps @Unit1HoopSource @StellarHoops @raj_manjrekar https://t.co/3NvjBEXE1B,1560035287664713728,ZanderJimenez4,1241829717470150656,2020-03-22 20:51:02,,"Hercules, CA",,False,0,1383,61,150,100
Damn man you mean we gotta go another month and a half without bball,1560027406450262016,1jetrara,1204520114919526400,2019-12-10 21:56:34,,DC | NC,,False,0,2914,28184,491,704
@LasCulturistas how do the readers spell their new name? Apply the Taylor vs. Tayla paradigm? Katie vs. Cady üìù,1560034516533641216,JesseFMangold,2959495029,2015-01-04 02:05:38,,"New York, NY",,False,5,18548,1052,1618,930
Brooke tells ridge Taylor is no stranger neither was bill when she slept with while married to Katie he also wasn‚Äôt no stranger when she kissed him last so her point is ü§∑üèæ‚Äç‚ôÄÔ∏è Brooke is a hypocrite #BoldandtheBeautiful,1559957827132821504,Cece2k17,917365365889490944,2017-10-09 12:25:21,,"Mississippi, USA",,False,0,1559,1855,634,106
Women Boxing in Ireland: Katie Taylor ‚Äì The True Superhero of Women‚Äôs Boxing  (via @SportfusionApps #Boxing #News) https://t.co/NPzgNgv00U,1559947340819140610,GeneralUSArmies,1558190766895370241,2022-08-12 20:36:58,,"South Carolina, USA",,False,1,110,254,1187,29
'It exceeded my expectations' | Taylor reflects on iconic night in New York https://t.co/C0qNDv5JOY,1559933738045149184,dw504966,541121097,2012-03-30 18:36:57,,"Quail Run, Fremont, CA 94555 ",,False,18,2022,286316,2503,2437
"The world needs more Katie Porters and fewer Lauren Boeberts, Matt Gaetzs and Marjorie Taylor Greenes!",1559905494382387203,DavidBe70498419,1325196168960339968,2020-11-07 21:59:43,,"South Dakota, USA",,False,0,7773,3087,588,271
Our @SBJohnAdamsHigh @jaenglishdept‚Äôs Ms Katie Taylor is getting pumped up for the @JASection by showing off her new classroom wall art. #AdamsEaglesProud https://t.co/LYx6Ihbo8W,1559881934817447939,JAParentGroup,2728590852,2014-08-13 05:17:19,,"South Bend, IN",,False,3,19802,8810,599,884
"@alfranken 
Don‚Äôt forget u have a very important question to ask @RepKatiePorter about a job for Dylan Taylor.
It‚Äôs just his life, what little future he may or may not have is right now in ur hands.
He needs a break not like he had Katie‚Äôs parents. 
U know her sister is a Dr?",1559706387273289728,farrarpjoy,190799144,2010-09-14 21:34:17,,"Long Beach, CA",,False,53,13610,205166,5036,4592
"Jake Paul brands Katie Taylor ""scared"" after response to $2million fight offer https://t.co/Dd9aA0KBOR",1559660007284584448,dw504966,541121097,2012-03-30 18:36:57,,"Quail Run, Fremont, CA 94555 ",,False,18,2022,286316,2503,2437
"This year we‚Äôd like to spotlight our English teachers. This is Ms. Katie Taylor, who teaches English 10 and 11, next to the new gallery wall in her classroom. https://t.co/FkFd1FxdL5",1559638425191546880,jaenglishdept,1129135393327190030,2019-05-16 21:23:50,,"South Bend, IN",,False,0,120,34,34,63
Katie Taylor's fight with Cris Cyborg moves step closer as MMA star confirmed to make boxing debut next month https://t.co/Mhku3ZdIDw,1559574070890377216,dw504966,541121097,2012-03-30 18:36:57,,"Quail Run, Fremont, CA 94555 ",,False,18,2022,286316,2503,2437
Here once again to say candlepin is the superior form of bowling.,1560052778034135040,SavingNovember,17176363,2008-11-05 01:44:48,,"Chicago, IL",,False,4,102647,40728,289,149
Packing for the first time in a while with no bowling balls! This is a great feeling üôå,1560052023021674498,amandanards,338230165,2011-07-19 08:06:43,,"New Jersey, USA",,False,3,47059,12817,2403,673
I had a great time bowling &amp; bonding with the @EcAchieve English department &amp; Parental Involvement team members this afternoon! üêÜüíõüñ§üíõ https://t.co/lKtnH7Q2K1,1560050265394487296,readwritelearn,3235532023,2015-06-03 22:32:46,,"McAllen, Texas",,False,4,4235,1513,401,185
I hate bowling https://t.co/RggvH4bcNY,1560048552214233090,AlexanderWozny,2418601687,2014-03-30 06:43:46,,"Ottawa, Ontario",,False,20,9213,4479,882,430
"Billed as ""Third Thought"". From 2015 and 2016! Also did the Bowling Green, Ohio ""Great Black Swamp"" fest of 2016 and 2017! Did it for ""exposure"" lol https://t.co/NiVE4sqesu",1560048355463626754,mingles0890,1513963094,2013-06-13 17:16:09,,"Fremont, Ohio",,False,1,5478,4266,3869,2034
At the bowling alley with the family https://t.co/jELHoNQUZe,1560048123887730689,Jason_Gilliam05,75050711,2009-09-17 16:25:29,,Chicago,,False,48,565618,365637,5003,4471
"Eastchester‚ÄìDyre Av/Woodlawn-bound 4, 5 trains are currently delayed between Nevins St and Bowling Green, and at Nevins St.",1560047085394821120,goodservice_4,1384197995554430976,2021-04-19 17:32:47,,"New York, NY",,False,1,0,8127,21,55
"Eastchester‚ÄìDyre Av/Woodlawn-bound 4, 5 trains are currently delayed between Nevins St and Bowling Green, and at Nevins St. https://t.co/rJgocDKkaM",1560047083427708928,goodservice_io,1035181128909508613,2018-08-30 15:03:08,,"Brooklyn, NY",,False,7,13,202560,23,420
my mother in law beat me out for a spot on a bowling team this weekend ü•∏,1560046884907098112,_sgm22,897464056839360513,2017-08-15 14:24:40,,"Dallas, TX",,False,0,13788,5752,123,141
"@JoeBiden it is time for a Uniting for Afghanistan program to get our former  interpreters and then heir families out. If we can bring Ukrainians here, we can do the same for the Afghans who served us. Please do this now! Thank you.",1560046633878003712,bowling_donna,1470993644,2013-05-31 00:45:28,,Texas,,False,5,121706,42510,2282,1363
At the bowling alley with the  family https://t.co/ciKDy3MHzv,1560046391782789123,Jason_Gilliam05,75050711,2009-09-17 16:25:29,,Chicago,,False,48,565618,365637,5003,4471
"Agreed, but not for bowling‚Ä¶I like little dinky bar with a pool table and hot dogs that have been going round and round on that machine since 1973. üòÅ https://t.co/CT2LhJN1rC",1560046112693633028,synbad27,877063932,2012-10-13 04:50:21,,"San Diego, CA",,False,6,70794,72550,971,173
"NWSL has a tough hill to climb after the Euros this year‚Ä¶

https://t.co/h5lHcfm96X",1559955373750161408,a2NavArc,1212429219256397824,2020-01-01 17:44:12,,"Ann Arbor, MI",,False,2,6750,3293,283,409
Listen to @mPinoe. Investment in women's football/soccer needs to happen NOW. https://t.co/1pclIlzqgy,1559524832659775488,mpressmeredith,234548688,2011-01-05 23:00:24,,"New Haven, CT",,False,31,12112,21544,364,694
"When Megan Rapinoe met Ada Hegerberg: ‚ÄòEuro 2022? Everyone was late to the party‚Äô,,https://t.co/IZWuB7ooCq",1559523341047713793,eltaszone,1108065705755402243,2019-03-19 18:00:25,,"Suwanee, GA",,False,0,19,18810,141,13
Rapinoe fantastic here: ‚ÄòEuro 2022? Everyone was late to the party‚Äô https://t.co/wYdqymKRBr,1559519805870428162,adecolley,313584362,2011-06-08 21:56:57,,Brighton,,False,52,5629,10064,4086,1156
"The Ballon d‚ÄôOr winners come together to discuss England‚Äôs Euros triumph, next year‚Äôs World Cup and their teams‚Äô sorority

https://t.co/tsqkELuz58",1559517056684498945,SEW_women,1361710118698684417,2021-02-16 16:13:00,,"Washington, DC",,False,0,405,2872,140,25
When Megan Rapinoe met Ada Hegerberg: ‚ÄòEuro 2022? Everyone was late to the party‚Äô https://t.co/7DJLMO8RAe https://t.co/XylilsQktV,1559489208808521728,drpatfarrell,42660725,2009-05-26 16:34:32,,United States,,False,453,162,590755,10191,9545
When Megan Rapinoe met Ada Hegerberg: ‚ÄòEuro 2022? Everyone was late to the party‚Äô https://t.co/QLBGJVsDaF https://t.co/4E0v60E5AW,1559479630695845888,geraldmccool11,842220290457382912,2017-03-16 03:45:39,,"Virginia, USA",,False,1,2,21287,732,283
When Megan Rapinoe met Ada Hegerberg: ‚ÄòEuro 2022? Everyone was late to the party‚Äô https://t.co/XUmTIqu8NG,1559453234279890944,orkitecht85,192034523,2010-09-18 00:48:35,,Bedford,,False,10,51844,20266,4285,988
When Megan Rapinoe met Ada Hegerberg: ‚ÄòEuro 2022? Everyone was late to the party‚Äô https://t.co/Im2fvhOBWj,1559453166722097153,GdnUSsports,389462152,2011-10-12 13:25:57,,United States,,False,371,274,22841,312,11555
ITS HUMP DAY!! Our 100-REPs class was on FIRE tonight!! Join us tomorrow for Kick-boxing and continue to work towards your goals!!,1560053428071661569,xbodyfitness,167030542,2010-07-15 15:52:35,,"Cary, NC",,False,7,11,369,123,108
When you got that glow ‚Ä¶. https://t.co/d6UVuMVFyi,1560053071648014337,boxing_bird81,1362124874580451331,2021-02-17 19:41:22,,"Under your skin, USA",,False,18,38397,16755,2403,2975
"Discover exciting new music now:  https://t.co/XkjeoIhHNB

#joshuausyk #joshuausyk2 #usykjoshua #anthonyjoshua #alexanderusyk #heavyweight #wbo #wba #ibf #dazn #skysportsboxoffice #matchroom #boxing #acetv https://t.co/touMVbTSeZ",1560053009664450561,LaydenRobinson,42290868,2009-05-24 22:04:27,,"San Diego, CA",,False,1654,169746,847867,94979,86374
"Discover exciting new music now:  https://t.co/XkjeoIhHNB

#joshuausyk #joshuausyk2 #usykjoshua #anthonyjoshua #alexanderusyk #heavyweight #wbo #wba #ibf #dazn #skysportsboxoffice #matchroom #boxing #acetv https://t.co/XpFg4Zh5lO",1560052887140519937,LaydenRobinson,42290868,2009-05-24 22:04:27,,"San Diego, CA",,False,1654,169746,847867,94979,86374
"@PearlandCoffeeRoasters ad that will be on all skirts at the fight. The matches are exciting fun and so is the marketing!
#boxing #boxinglife #boxingworld #boxingads #ads https://t.co/NSFcgP0ECs",1560052770308345856,boxwithtermite,1461009165896372224,2021-11-17 16:33:00,,"Houston, TX",,False,0,212,120,164,21
"Sam Hyde invites Whiggaz 2 spar , WHiggaz rooting for Sam August 27th vs #IAMTHMPSN ! Original WHiggaz 9:40pm EST https://t.co/P4hpeuPtCI #livestream #boxing #fightnight #samhyde #tiktok #mde #haters # https://t.co/GXPqE4zUAw",1560052697616617472,UncleDustComedy,765227671882125316,2016-08-15 16:44:29,,"San Bernardino, CA",,False,16,18133,8517,740,637
"I‚Äôll be honest there‚Äôs been a lot of problems as of late, so i haven‚Äôt gone to the boxing gym in almost two months. Well I finally got the mental fortitude to go back to the boxing gym and my coach was happy to see me. He even said my boxing was still amazing, I needed that üò©",1560052608869482496,CommanderShota,916754711021326336,2017-10-07 19:58:50,,"Harlingen, TX",,False,0,5023,1652,70,186
"Roger Mayweather Comments On Pacquiao vs Marquez 4: ""Marquez MUST Have That SH*T in Him"" @shosports #boxing https://t.co/3qGKa33qNH",1560051276037111809,boostjockster,259178202,2011-03-01 09:07:29,,"San Diego, CA",,False,76,2,137125,5528,5622
"Listen, neither is a true blockbuster or a title fight, but putting names like Wilder and Plant on the same card is progress for boxing. https://t.co/sgil4HYhxx",1560051242122059776,TDExperience,374239522,2011-09-15 23:34:09,,"Concord, NC",,False,18,8651,19314,3971,1134
Dude is talking about fighting Canelo in a boxing match. If fame hasn‚Äôt got to him something else has. https://t.co/KwKieP9YKQ,1560050604470419456,mrejr8234,45038921,2009-06-06 00:21:08,,"Taylorville, IL",,False,34,4642,112833,766,480
"Sipping before women crushing it Wednesdays 8pm CT/9 pm EST

https://t.co/1ZAF2qSW90 https://t.co/xkZtV4shkF",1560050581540061185,boxing_bird81,1362124874580451331,2021-02-17 19:41:22,,"Under your skin, USA",,False,18,38397,16755,2403,2975
Vansickle Boxing/ SkrapHouse was lit. Found my new home gym üí™üèªüí®,1560050542713667584,Tyler_James0317,2147815670,2013-10-21 20:58:04,,"Ashville, OH",,False,11,66504,41062,1436,938
"Next up. All of these MMA/boxing illustrations are for a larger project I‚Äôve been working on for awhile, that I can‚Äôt quite talk about. Soon. Very soon. #MikeTyson #boxing #art https://t.co/ZDxehb3X5D",1560049080427880448,averagejoeart,11892682,2008-01-06 01:16:35,,"Orange County, CA",,False,122,8879,112976,2982,3581
"End of Regulation. Tied at 56. Free basketball tonight for those in attendance.

3:00 to decide a Champion",1560053564239749121,Suttonhoops,164301532,2010-07-08 14:53:48,,"Sutton, MA",,False,0,2,209,0,105
"David McCullough as a champion of historic #preservation https://t.co/dYrg5DRK3v 
‚Äúwhat does it say about us, our values &amp; our regard for those who will follow, if we...stand by while others destroy historic America...in the name of so-called progress &amp; corporate profits?‚Äú",1560052994829426691,CitizenWald,9516022,2007-10-18 06:23:14,,"Amherst, MA",,False,221,27162,73329,4985,3851
"2022-2023 Roster Announcement üö®

We are back, continuing with our returners üò§

Next up, we have Paolo, also from Mexico City, Mexico üòé

He enjoys listening to Bad Bunny while watching the NBA Champion, GS Warriors ü§üüèΩ üìà 
Check out the rising Sophomore below ‚¨áÔ∏è https://t.co/9Oj8mZ8WhC",1560052935765200899,MtAloysiusMBB,1445230037234556934,2021-10-05 03:31:16,,"Cresson, PA",,False,0,67,97,49,146
And the fall camp bellyflop champion is‚Ä¶ https://t.co/9rNSD12L02,1560052392820891650,JacobMarxhausen,1397389193647693827,2021-05-26 03:08:52,,"Minnesota, USA",,False,2,48,32,481,79
Leon Edwards: UFC fighter‚Äôs rise to world champion contest &amp; escaping his ‚Äòdarkest¬†years‚Äô https://t.co/WNCM1O9xQK,1560052324994891779,CtpTimes,1400431467390377989,2021-06-03 12:38:00,,United States,,False,1,100,15001,80,65
"Contract signed!
With this post, I am ecstatic to announce my return to the diamond as a full-time Assistant Baseball Coach, at three-time National Champion Linfield University, in Oregon. #RollCats #LinfieldBSB #LinfieldBase https://t.co/gM5q26y5y9",1560052227007455237,coachjsbsb,3060148861,2015-03-03 16:42:28,,"McMinnville, OR",,False,3,17200,2087,41,1138
It‚Äôs her senior year &amp; she was so excited to come back to help with Freshman Orientation today‚ÄºÔ∏è You continue to amaze me with your kindness &amp; enthusiasm @yanira_finley This is your big year &amp; we can‚Äôt wait to champion you every step of the way! @CabarrusWest @CabCoSchools https://t.co/gaYmxkRId5,1560052196275798025,KrinaPressley,1032964323335962626,2018-08-24 12:14:21,,"Concord, NC",,False,3,1034,419,241,215
#Happybirthday my son prince true champion üèÜü•áüíô https://t.co/qQTF1Z17QZ,1560052109193641986,whiteshane5806,3327537526,2015-06-15 17:17:00,,"New York, USA",,False,3,15685,6004,632,198
#WayBackWednesday : Our very own @Jon_Dojah aka Cobra Tron the first ever @ComboBreaker 2019 Virtua Fighter 5 CHAMPION back in 2009 with @Gootecks and @ThatMikeRossGuy ! Who knew how big all 3 of these guys would blow up some day üá∫üá∏ü•≥ #FGClegends @TVfgc üôè https://t.co/XE4VYvU9Qo https://t.co/i9vsI7LEpp,1560052016440754176,teamstrike1st,1047604275440836608,2018-10-03 21:48:17,,United States,,False,1,1196,1240,212,206
Liz Randall is coming home a champion. Jason Merrick came home a hero. @authorkimberly1 https://t.co/D8wvTNEjte #ContemporaryRomance #Horses https://t.co/e2VZGMWCyo,1560051881342386177,_dpcllc_,1287900503565832194,2020-07-28 00:00:23,,New York,,False,0,0,7111,0,31
"The Payne County District Attorney‚Äôs Office filed burglary charges Wednesday against AJ Ferrari, the former Oklahoma State wrestling champion who is currently facing sexual assault charges in Payne County.¬† https://t.co/6fMPEwEtlh",1560051876443422720,StwNewsPress,24184181,2009-03-13 14:59:34,,"Stillwater, OK",,False,159,469,24419,1466,7905
"SO‚Ä¶HE‚ÄôS BEST BOUT MACHINE AND MOVES SMOOTHER THAN BUTTER IN THE RING.  HE WAS CHAMPION, BUT GOT HURT.  I WANT HIM TO COME BACK BUT NOT AT THE EXPENSE OF HIS HEALTH.  #AEWDynamite  #aew https://t.co/X0GjoXAi1q",1560051796063633408,twfwrestling,22181502,2009-02-27 19:53:17,,"Northern California, USA",,False,12,23892,20429,1809,671
"Lakers News: Two-Time Champion to Have Jersey Retired by LA This Season

https://t.co/nJp9VIhnju",1560051159167107075,thelakers248,509723277,2012-03-01 04:44:36,,"Los Angeles, CA",,False,246,4846,16831,176,15440
"The @JoyageKingdom hoodie (made by Champion) will be a staple in the 2022 Joyage Fall drop üçÅüçÇ
|
feat thunder thighs üèãüèª‚Äç‚ôÇÔ∏è https://t.co/pJvhjPohoB",1560051133103542273,CadeBergmann,2245630679,2013-12-27 00:17:28,,"Washington, USA",,False,46,21776,15468,429,7189
"Unbelievable. They wrote this about her, but TRUMP!! ‚ÄúIt‚Äôs hard to make anyone with Liz Cheney‚Äôs voting profile sound like a champion of American democracy, because she supports virtually none of the values that serve as its pillars‚Äù https://t.co/jGqWdDfmdd",1560050990157553666,DanRiehl,18176907,2008-12-17 00:00:38,,USA,,False,902,6160,296894,25895,27596
