media,url
The New York Times,https://www.nytimes.com/section/style
Vice,https://www.vice.com/en/section/identity
Christianity Today,https://www.christianitytoday.com/ct/ministry/
CNN,https://edition.cnn.com/style
Insider,https://www.insider.com/lifestyle
Fox Business,https://www.foxbusiness.com/lifestyle
Opinion: Potomac Watch,https://www.wsj.com/news/life-work/fashion?mod=nav_top_subsection
Forbes,https://www.forbes.com/lifestyle/
The Guardian,https://www.theguardian.com/us/lifeandstyle
Washington Post,https://www.washingtonpost.com/lifestyle/?itid=nb_lifestyle
The Daily,https://www.nytimes.com/section/style
MarketWatch,https://www.marketwatch.com/live-qa?mod=side_nav
LA Times,https://www.latimes.com/lifestyle
USA Today,https://www.usatoday.com/life/
Wall Street Journal,https://www.wsj.com/news/life-work?mod=nav_left_section
NPR,https://www.npr.org/lifekit
ABC News,https://abcnews.go.com/Lifestyle
Reuters,https://www.reuters.com/lifestyle/
AP,https://apnews.com/hub/lifestyle?utm_source=apnewsnav&utm_medium=navigation